,continent,country,population,cases,deaths,tests,day,time
0,Africa,Saint-Helena,6115.0,"{'new': None, 'active': 2164, 'critical': None, 'recovered': 2, '1M_pop': '354211', 'total': 2166}","{'new': None, '1M_pop': None, 'total': None}","{'1M_pop': None, 'total': None}",2024-12-22,2024-12-22T11:30:08+00:00
1,South-America,Falkland-Islands,3539.0,"{'new': None, 'active': 0, 'critical': None, 'recovered': 1930, '1M_pop': '545352', 'total': 1930}","{'new': None, '1M_pop': None, 'total': None}","{'1M_pop': '2439107', 'total': 8632}",2024-12-22,2024-12-22T11:30:08+00:00
2,North-America,Montserrat,4965.0,"{'new': None, 'active': 19, 'critical': None, 'recovered': 1376, '1M_pop': '282578', 'total': 1403}","{'new': None, '1M_pop': '1611', 'total': 8}","{'1M_pop': '3577442', 'total': 17762}",2024-12-22,2024-12-22T11:30:08+00:00
3,,Diamond-Princess,,"{'new': None, 'active': 0, 'critical': None, 'recovered': 699, '1M_pop': None, 'total': 712}","{'new': None, '1M_pop': None, 'total': 13}","{'1M_pop': None, 'total': None}",2024-12-22,2024-12-22T11:30:08+00:00
4,Europe,Vatican-City,799.0,"{'new': None, 'active': 0, 'critical': None, 'recovered': 29, '1M_pop': '36295', 'total': 29}","{'new': None, '1M_pop': None, 'total': None}","{'1M_pop': None, 'total': None}",2024-12-22,2024-12-22T11:30:08+00:00
5,Africa,Western-Sahara,626161.0,"{'new': None, 'active': 0, 'critical': None, 'recovered': 9, '1M_pop': '16', 'total': 10}","{'new': None, '1M_pop': '2', 'total': 1}","{'1M_pop': None, 'total': None}",2024-12-22,2024-12-22T11:30:08+00:00
6,,MS-Zaandam,,"{'new': None, 'active': 0, 'critical': None, 'recovered': 7, '1M_pop': None, 'total': 9}","{'new': None, '1M_pop': None, 'total': 2}","{'1M_pop': None, 'total': None}",2024-12-22,2024-12-22T11:30:08+00:00
7,Asia,China,1448471400.0,"{'new': None, 'active': 118977, 'critical': None, 'recovered': 379053, '1M_pop': '347', 'total': 503302}","{'new': None, '1M_pop': '4', 'total': 5272}","{'1M_pop': '110461', 'total': 160000000}",2024-12-22,2024-12-22T11:30:08+00:00
8,Oceania,Nauru,10903.0,"{'new': None, 'active': 45, 'critical': None, 'recovered': 5347, '1M_pop': '494635', 'total': 5393}","{'new': None, '1M_pop': '92', 'total': 1}","{'1M_pop': '1881042', 'total': 20509}",2024-12-22,2024-12-22T11:30:08+00:00
9,Oceania,Wallis-and-Futuna,10982.0,"{'new': None, 'active': 3104, 'critical': None, 'recovered': 438, '1M_pop': '323256', 'total': 3550}","{'new': None, '1M_pop': '728', 'total': 8}","{'1M_pop': '1867419', 'total': 20508}",2024-12-22,2024-12-22T11:30:08+00:00
10,North-America,St-Barth,9945.0,"{'new': None, 'active': None, 'critical': None, 'recovered': None, '1M_pop': '553746', 'total': 5507}","{'new': None, '1M_pop': '603', 'total': 6}","{'1M_pop': '7908095', 'total': 78646}",2024-12-22,2024-12-22T11:30:08+00:00
11,North-America,Saint-Kitts-and-Nevis,53871.0,"{'new': None, 'active': 0, 'critical': None, 'recovered': 6559, '1M_pop': '122645', 'total': 6607}","{'new': None, '1M_pop': '891', 'total': 48}","{'1M_pop': '2356704', 'total': 126958}",2024-12-22,2024-12-22T11:30:08+00:00
12,Oceania,Tokelau,1378.0,"{'new': None, 'active': 80, 'critical': None, 'recovered': None, '1M_pop': '58055', 'total': 80}","{'new': None, '1M_pop': None, 'total': None}","{'1M_pop': None, 'total': None}",2024-12-22,2024-12-22T11:30:08+00:00
13,Oceania,Kiribati,123419.0,"{'new': None, 'active': 2358, 'critical': 3, 'recovered': 2703, '1M_pop': '41201', 'total': 5085}","{'new': None, '1M_pop': '194', 'total': 24}","{'1M_pop': None, 'total': None}",2024-12-22,2024-12-22T11:30:08+00:00
14,Oceania,Cook-Islands,17571.0,"{'new': None, 'active': 51, 'critical': None, 'recovered': 7150, '1M_pop': '409937', 'total': 7203}","{'new': None, '1M_pop': '114', 'total': 2}","{'1M_pop': '1120596', 'total': 19690}",2024-12-22,2024-12-22T11:30:08+00:00
15,Africa,Sao-Tome-and-Principe,227679.0,"{'new': None, 'active': 13, 'critical': None, 'recovered': 6685, '1M_pop': '29770', 'total': 6778}","{'new': None, '1M_pop': '351', 'total': 80}","{'1M_pop': '130008', 'total': 29600}",2024-12-22,2024-12-22T11:30:08+00:00
16,North-America,Turks-and-Caicos,39741.0,"{'new': None, 'active': 3, 'critical': 4, 'recovered': 6709, '1M_pop': '169900', 'total': 6752}","{'new': None, '1M_pop': '1007', 'total': 40}","{'1M_pop': '15520193', 'total': 616788}",2024-12-22,2024-12-22T11:30:08+00:00
17,Oceania,Palau,18233.0,"{'new': None, 'active': 4, 'critical': None, 'recovered': 6276, '1M_pop': '344979', 'total': 6290}","{'new': None, '1M_pop': '548', 'total': 10}","{'1M_pop': '3917841', 'total': 71434}",2024-12-22,2024-12-22T11:30:08+00:00
18,North-America,Anguilla,15230.0,"{'new': None, 'active': None, 'critical': None, 'recovered': None, '1M_pop': '256336', 'total': 3904}","{'new': None, '1M_pop': '788', 'total': 12}","{'1M_pop': '3373736', 'total': 51382}",2024-12-22,2024-12-22T11:30:08+00:00
19,North-America,Saint-Pierre-Miquelon,5759.0,"{'new': None, 'active': 1001, 'critical': None, 'recovered': 2449, '1M_pop': '599410', 'total': 3452}","{'new': None, '1M_pop': '347', 'total': 2}","{'1M_pop': '4410488', 'total': 25400}",2024-12-22,2024-12-22T11:30:08+00:00
20,Oceania,Tuvalu,12066.0,"{'new': None, 'active': None, 'critical': None, 'recovered': None, '1M_pop': '243909', 'total': 2943}","{'new': None, '1M_pop': '83', 'total': 1}","{'1M_pop': None, 'total': None}",2024-12-22,2024-12-22T11:30:08+00:00
21,Oceania,Niue,1622.0,"{'new': None, 'active': 3, 'critical': None, 'recovered': 1056, '1M_pop': '652898', 'total': 1059}","{'new': None, '1M_pop': None, 'total': None}","{'1M_pop': None, 'total': None}",2024-12-22,2024-12-22T11:30:08+00:00
22,Africa,Congo,5797805.0,"{'new': None, 'active': 983, 'critical': None, 'recovered': 24006, '1M_pop': '4377', 'total': 25375}","{'new': None, '1M_pop': '67', 'total': 386}","{'1M_pop': '59991', 'total': 347815}",2024-12-22,2024-12-22T11:30:07+00:00
23,North-America,Nicaragua,6779100.0,"{'new': None, 'active': 14041, 'critical': None, 'recovered': 4225, '1M_pop': '2728', 'total': 18491}","{'new': None, '1M_pop': '33', 'total': 225}","{'1M_pop': None, 'total': None}",2024-12-22,2024-12-22T11:30:07+00:00
24,Asia,Tajikistan,9957464.0,"{'new': None, 'active': 397, 'critical': None, 'recovered': 17264, '1M_pop': '1786', 'total': 17786}","{'new': None, '1M_pop': '13', 'total': 125}","{'1M_pop': None, 'total': None}",2024-12-22,2024-12-22T11:30:07+00:00
25,Africa,Djibouti,1016097.0,"{'new': None, 'active': 74, 'critical': None, 'recovered': 15427, '1M_pop': '15441', 'total': 15690}","{'new': None, '1M_pop': '186', 'total': 189}","{'1M_pop': '301094', 'total': 305941}",2024-12-22,2024-12-22T11:30:07+00:00
26,North-America,Greenland,56973.0,"{'new': None, 'active': 9189, 'critical': 4, 'recovered': 2761, '1M_pop': '210117', 'total': 11971}","{'new': None, '1M_pop': '369', 'total': 21}","{'1M_pop': '2894810', 'total': 164926}",2024-12-22,2024-12-22T11:30:07+00:00
27,Africa,Eritrea,3662244.0,"{'new': None, 'active': 0, 'critical': None, 'recovered': 10086, '1M_pop': '2782', 'total': 10189}","{'new': None, '1M_pop': '28', 'total': 103}","{'1M_pop': '6470', 'total': 23693}",2024-12-22,2024-12-22T11:30:07+00:00
28,Africa,Niger,26083660.0,"{'new': None, 'active': 729, 'critical': 1, 'recovered': 8890, '1M_pop': '381', 'total': 9931}","{'new': None, '1M_pop': '12', 'total': 312}","{'1M_pop': '9759', 'total': 254538}",2024-12-22,2024-12-22T11:30:07+00:00
29,Africa,Equatorial-Guinea,1496662.0,"{'new': '+7', 'active': 139, 'critical': 5, 'recovered': 16907, '1M_pop': '11512', 'total': 17229}","{'new': None, '1M_pop': '122', 'total': 183}","{'1M_pop': '244342', 'total': 365697}",2024-12-22,2024-12-22T11:30:07+00:00
30,Africa,Liberia,5305117.0,"{'new': None, 'active': 12, 'critical': 2, 'recovered': 7783, '1M_pop': '1525', 'total': 8090}","{'new': None, '1M_pop': '56', 'total': 295}","{'1M_pop': '26356', 'total': 139824}",2024-12-22,2024-12-22T11:30:07+00:00
31,North-America,Caribbean-Netherlands,26647.0,"{'new': '+3', 'active': 1168, 'critical': None, 'recovered': 10476, '1M_pop': '438398', 'total': 11682}","{'new': None, '1M_pop': '1426', 'total': 38}","{'1M_pop': '1130559', 'total': 30126}",2024-12-22,2024-12-22T11:30:07+00:00
32,Africa,Somalia,16841795.0,"{'new': '+10', 'active': 12791, 'critical': None, 'recovered': 13182, '1M_pop': '1623', 'total': 27334}","{'new': None, '1M_pop': '81', 'total': 1361}","{'1M_pop': '23778', 'total': 400466}",2024-12-22,2024-12-22T11:30:07+00:00
33,North-America,Bermuda,61939.0,"{'new': '+11', 'active': 10, 'critical': None, 'recovered': 18685, '1M_pop': '304493', 'total': 18860}","{'new': '+2', '1M_pop': '2664', 'total': 165}","{'1M_pop': '16622128', 'total': 1029558}",2024-12-22,2024-12-22T11:30:07+00:00
34,Africa,Gambia,2558482.0,"{'new': '+28', 'active': 65, 'critical': None, 'recovered': 12189, '1M_pop': '4935', 'total': 12626}","{'new': None, '1M_pop': '145', 'total': 372}","{'1M_pop': '60851', 'total': 155686}",2024-12-22,2024-12-22T11:30:07+00:00
35,North-America,Grenada,113475.0,"{'new': '+10', 'active': 97, 'critical': 4, 'recovered': 19358, '1M_pop': '173545', 'total': 19693}","{'new': None, '1M_pop': '2097', 'total': 238}","{'1M_pop': '1612523', 'total': 182981}",2024-12-22,2024-12-22T11:30:07+00:00
36,Africa,Comoros,907419.0,"{'new': None, 'active': 9, 'critical': None, 'recovered': 8939, '1M_pop': '10038', 'total': 9109}","{'new': None, '1M_pop': '177', 'total': 161}","{'1M_pop': None, 'total': None}",2024-12-22,2024-12-22T11:30:07+00:00
37,Africa,Guinea-Bissau,2063367.0,"{'new': None, 'active': 508, 'critical': 6, 'recovered': 8929, '1M_pop': '4659', 'total': 9614}","{'new': None, '1M_pop': '86', 'total': 177}","{'1M_pop': '70385', 'total': 145231}",2024-12-22,2024-12-22T11:30:07+00:00
38,Africa,Chad,17413580.0,"{'new': None, 'active': 2633, 'critical': None, 'recovered': 4874, '1M_pop': '442', 'total': 7701}","{'new': None, '1M_pop': '11', 'total': 194}","{'1M_pop': '10988', 'total': 191341}",2024-12-22,2024-12-22T11:30:07+00:00
39,Oceania,Vanuatu,321832.0,"{'new': None, 'active': 29, 'critical': None, 'recovered': 11976, '1M_pop': '37346', 'total': 12019}","{'new': None, '1M_pop': '44', 'total': 14}","{'1M_pop': '77606', 'total': 24976}",2024-12-22,2024-12-22T11:30:07+00:00
40,North-America,Sint-Maarten,43966.0,"{'new': None, 'active': 54, 'critical': None, 'recovered': 10905, '1M_pop': '251353', 'total': 11051}","{'new': None, '1M_pop': '2093', 'total': 92}","{'1M_pop': '1411454', 'total': 62056}",2024-12-22,2024-12-22T11:30:07+00:00
41,Asia,Timor-Leste,1369429.0,"{'new': None, 'active': 220, 'critical': None, 'recovered': 23102, '1M_pop': '17131', 'total': 23460}","{'new': None, '1M_pop': '101', 'total': 138}","{'1M_pop': '203391', 'total': 278529}",2024-12-22,2024-12-22T11:30:07+00:00
42,Africa,Benin,12784726.0,"{'new': None, 'active': 26, 'critical': None, 'recovered': 27847, '1M_pop': '2193', 'total': 28036}","{'new': None, '1M_pop': '13', 'total': 163}","{'1M_pop': '47268', 'total': 604310}",2024-12-22,2024-12-22T11:30:07+00:00
43,Asia,Macao,667490.0,"{'new': None, 'active': 24063, 'critical': None, 'recovered': 3487, '1M_pop': '41458', 'total': 27673}","{'new': None, '1M_pop': '184', 'total': 123}","{'1M_pop': '11760', 'total': 7850}",2024-12-22,2024-12-22T11:30:07+00:00
44,Oceania,Micronesia,117489.0,"{'new': None, 'active': None, 'critical': None, 'recovered': None, '1M_pop': '225953', 'total': 26547}","{'new': None, '1M_pop': '553', 'total': 65}","{'1M_pop': '701598', 'total': 82430}",2024-12-22,2024-12-22T11:30:07+00:00
45,Europe,San-Marino,34085.0,"{'new': None, 'active': 46, 'critical': None, 'recovered': 26011, '1M_pop': '768226', 'total': 26185}","{'new': None, '1M_pop': '3755', 'total': 128}","{'1M_pop': '5775414', 'total': 196855}",2024-12-22,2024-12-22T11:30:07+00:00
46,Oceania,Solomon-Islands,721159.0,"{'new': None, 'active': None, 'critical': None, 'recovered': None, '1M_pop': '35989', 'total': 25954}","{'new': None, '1M_pop': '276', 'total': 199}","{'1M_pop': None, 'total': None}",2024-12-22,2024-12-22T11:30:07+00:00
47,Africa,Burkina-Faso,22102838.0,"{'new': None, 'active': 118, 'critical': None, 'recovered': 21596, '1M_pop': '1001', 'total': 22114}","{'new': None, '1M_pop': '18', 'total': 400}","{'1M_pop': '11265', 'total': 248995}",2024-12-22,2024-12-22T11:30:07+00:00
48,Europe,Liechtenstein,38387.0,"{'new': None, 'active': None, 'critical': None, 'recovered': None, '1M_pop': '562013', 'total': 21574}","{'new': None, '1M_pop': '2449', 'total': 94}","{'1M_pop': '2929559', 'total': 112457}",2024-12-22,2024-12-22T11:30:07+00:00
49,Europe,Gibraltar,33704.0,"{'new': None, 'active': None, 'critical': None, 'recovered': None, '1M_pop': '609720', 'total': 20550}","{'new': None, '1M_pop': '3353', 'total': 113}","{'1M_pop': '15852213', 'total': 534283}",2024-12-22,2024-12-22T11:30:07+00:00
50,Africa,South-Sudan,11618511.0,"{'new': None, 'active': 557, 'critical': 1, 'recovered': 18115, '1M_pop': '1620', 'total': 18819}","{'new': None, '1M_pop': '13', 'total': 147}","{'1M_pop': '35313', 'total': 410280}",2024-12-22,2024-12-22T11:30:07+00:00
51,Europe,Monaco,39783.0,"{'new': None, 'active': None, 'critical': None, 'recovered': None, '1M_pop': '431868', 'total': 17181}","{'new': None, '1M_pop': '1684', 'total': 67}","{'1M_pop': '1976875', 'total': 78646}",2024-12-22,2024-12-22T11:30:07+00:00
52,Oceania,Samoa,202239.0,"{'new': None, 'active': 15370, 'critical': None, 'recovered': 1605, '1M_pop': '84089', 'total': 17006}","{'new': None, '1M_pop': '153', 'total': 31}","{'1M_pop': '926612', 'total': 187397}",2024-12-22,2024-12-22T11:30:07+00:00
53,Oceania,Tonga,107749.0,"{'new': None, 'active': 1299, 'critical': None, 'recovered': 15638, '1M_pop': '157310', 'total': 16950}","{'new': None, '1M_pop': '121', 'total': 13}","{'1M_pop': '4965327', 'total': 535009}",2024-12-22,2024-12-22T11:30:07+00:00
54,Oceania,Marshall-Islands,60057.0,"{'new': None, 'active': 0, 'critical': None, 'recovered': 16121, '1M_pop': '268711', 'total': 16138}","{'new': None, '1M_pop': '283', 'total': 17}","{'1M_pop': None, 'total': None}",2024-12-22,2024-12-22T11:30:07+00:00
55,North-America,Dominica,72344.0,"{'new': None, 'active': 0, 'critical': None, 'recovered': 15964, '1M_pop': '221691', 'total': 16038}","{'new': None, '1M_pop': '1023', 'total': 74}","{'1M_pop': '3170187', 'total': 229344}",2024-12-22,2024-12-22T11:30:07+00:00
56,Africa,CAR,5016678.0,"{'new': None, 'active': 127, 'critical': 2, 'recovered': 15200, '1M_pop': '3078', 'total': 15440}","{'new': None, '1M_pop': '23', 'total': 113}","{'1M_pop': '16205', 'total': 81294}",2024-12-22,2024-12-22T11:30:07+00:00
57,North-America,Saint-Martin,39730.0,"{'new': None, 'active': None, 'critical': None, 'recovered': None, '1M_pop': '310194', 'total': 12324}","{'new': None, '1M_pop': '1586', 'total': 63}","{'1M_pop': '2828643', 'total': 112382}",2024-12-22,2024-12-22T11:30:07+00:00
58,Asia,Yemen,31154867.0,"{'new': None, 'active': 662, 'critical': None, 'recovered': 9124, '1M_pop': '383', 'total': 11945}","{'new': None, '1M_pop': '69', 'total': 2159}","{'1M_pop': '10579', 'total': 329592}",2024-12-22,2024-12-22T11:30:07+00:00
59,North-America,St-Vincent-Grenadines,111551.0,"{'new': None, 'active': 57, 'critical': None, 'recovered': 9493, '1M_pop': '86723', 'total': 9674}","{'new': None, '1M_pop': '1112', 'total': 124}","{'1M_pop': '1023720', 'total': 114197}",2024-12-22,2024-12-22T11:30:07+00:00
60,North-America,Antigua-and-Barbuda,99509.0,"{'new': None, 'active': 6, 'critical': None, 'recovered': 8954, '1M_pop': '91509', 'total': 9106}","{'new': None, '1M_pop': '1467', 'total': 146}","{'1M_pop': '189943', 'total': 18901}",2024-12-22,2024-12-22T11:30:07+00:00
61,Africa,Sierra-Leone,8306436.0,"{'new': None, 'active': None, 'critical': None, 'recovered': None, '1M_pop': '937', 'total': 7779}","{'new': None, '1M_pop': '15', 'total': 126}","{'1M_pop': '31296', 'total': 259958}",2024-12-22,2024-12-22T11:30:07+00:00
62,North-America,British-Virgin-Islands,30596.0,"{'new': None, 'active': None, 'critical': None, 'recovered': None, '1M_pop': '241600', 'total': 7392}","{'new': None, '1M_pop': '2092', 'total': 64}","{'1M_pop': '3508269', 'total': 107339}",2024-12-22,2024-12-22T11:30:07+00:00
63,North-America,Cura&ccedil;ao,165529.0,"{'new': None, 'active': 971, 'critical': 3, 'recovered': 44720, '1M_pop': '277812', 'total': 45986}","{'new': None, '1M_pop': '1782', 'total': 295}","{'1M_pop': '3000640', 'total': 496693}",2024-12-22,2024-12-22T11:30:06+00:00
64,Europe,Isle-of-Man,85732.0,"{'new': None, 'active': None, 'critical': None, 'recovered': None, '1M_pop': '443335', 'total': 38008}","{'new': None, '1M_pop': '1353', 'total': 116}","{'1M_pop': '1758422', 'total': 150753}",2024-12-22,2024-12-22T11:30:06+00:00
65,North-America,Cayman-Islands,67277.0,"{'new': None, 'active': 22882, 'critical': 1, 'recovered': 8553, '1M_pop': '467797', 'total': 31472}","{'new': None, '1M_pop': '550', 'total': 37}","{'1M_pop': '3311280', 'total': 222773}",2024-12-22,2024-12-22T11:30:06+00:00
66,South-America,French-Guiana,314169.0,"{'new': '+13', 'active': 86367, 'critical': 6, 'recovered': 11254, '1M_pop': '312065', 'total': 98041}","{'new': None, '1M_pop': '1337', 'total': 420}","{'1M_pop': '2072951', 'total': 651257}",2024-12-22,2024-12-22T11:30:06+00:00
67,Europe,Channel-Islands,176463.0,"{'new': '+91', 'active': 168, 'critical': None, 'recovered': 101321, '1M_pop': '576421', 'total': 101717}","{'new': None, '1M_pop': '1292', 'total': 228}","{'1M_pop': '7099551', 'total': 1252808}",2024-12-22,2024-12-22T11:30:06+00:00
68,Africa,Mayotte,286259.0,"{'new': '+19', 'active': None, 'critical': None, 'recovered': None, '1M_pop': '146815', 'total': 42027}","{'new': None, '1M_pop': '657', 'total': 188}","{'1M_pop': '618038', 'total': 176919}",2024-12-22,2024-12-22T11:30:06+00:00
69,North-America,Bahamas,400516.0,"{'new': None, 'active': 874, 'critical': 1, 'recovered': 36366, '1M_pop': '95087', 'total': 38084}","{'new': None, '1M_pop': '2107', 'total': 844}","{'1M_pop': '643767', 'total': 257839}",2024-12-22,2024-12-22T11:30:06+00:00
70,Oceania,Fiji,909466.0,"{'new': None, 'active': 1006, 'critical': None, 'recovered': 67226, '1M_pop': '75997', 'total': 69117}","{'new': None, '1M_pop': '973', 'total': 885}","{'1M_pop': '739866', 'total': 672883}",2024-12-22,2024-12-22T11:30:06+00:00
71,South-America,Suriname,596831.0,"{'new': None, 'active': None, 'critical': None, 'recovered': None, '1M_pop': '138378', 'total': 82588}","{'new': None, '1M_pop': '2359', 'total': 1408}","{'1M_pop': '405822', 'total': 242207}",2024-12-22,2024-12-22T11:30:06+00:00
72,North-America,Aruba,107609.0,"{'new': None, 'active': 1494, 'critical': 2, 'recovered': 42438, '1M_pop': '410969', 'total': 44224}","{'new': None, '1M_pop': '2714', 'total': 292}","{'1M_pop': '1653068', 'total': 177885}",2024-12-22,2024-12-22T11:30:06+00:00
73,Europe,Malta,444033.0,"{'new': None, 'active': 386, 'critical': None, 'recovered': 120149, '1M_pop': '273448', 'total': 121420}","{'new': None, '1M_pop': '1993', 'total': 885}","{'1M_pop': '4888375', 'total': 2170600}",2024-12-22,2024-12-22T11:30:06+00:00
74,North-America,Barbados,288023.0,"{'new': None, 'active': 1283, 'critical': None, 'recovered': 108647, '1M_pop': '383921', 'total': 110578}","{'new': None, '1M_pop': '2250', 'total': 648}","{'1M_pop': '2826715', 'total': 814159}",2024-12-22,2024-12-22T11:30:06+00:00
75,Africa,Angola,35027343.0,"{'new': None, 'active': 1971, 'critical': None, 'recovered': 103419, '1M_pop': '3064', 'total': 107327}","{'new': None, '1M_pop': '55', 'total': 1937}","{'1M_pop': '42818', 'total': 1499795}",2024-12-22,2024-12-22T11:30:06+00:00
76,Africa,DRC,95240792.0,"{'new': None, 'active': 13381, 'critical': None, 'recovered': 84489, '1M_pop': '1043', 'total': 99338}","{'new': None, '1M_pop': '15', 'total': 1468}","{'1M_pop': '8890', 'total': 846704}",2024-12-22,2024-12-22T11:30:06+00:00
77,Africa,Malawi,20180839.0,"{'new': None, 'active': None, 'critical': None, 'recovered': None, '1M_pop': '4437', 'total': 89535}","{'new': None, '1M_pop': '133', 'total': 2686}","{'1M_pop': '30959', 'total': 624784}",2024-12-22,2024-12-22T11:30:06+00:00
78,Africa,Senegal,17653671.0,"{'new': None, 'active': 58, 'critical': None, 'recovered': 87024, '1M_pop': '5044', 'total': 89053}","{'new': None, '1M_pop': '112', 'total': 1971}","{'1M_pop': '64946', 'total': 1146543}",2024-12-22,2024-12-22T11:30:06+00:00
79,Africa,Ivory-Coast,27742298.0,"{'new': None, 'active': 52, 'critical': None, 'recovered': 87497, '1M_pop': '3186', 'total': 88384}","{'new': None, '1M_pop': '30', 'total': 835}","{'1M_pop': '60951', 'total': 1690934}",2024-12-22,2024-12-22T11:30:06+00:00
80,Oceania,New-Caledonia,290915.0,"{'new': None, 'active': None, 'critical': None, 'recovered': None, '1M_pop': '275214', 'total': 80064}","{'new': None, '1M_pop': '1079', 'total': 314}","{'1M_pop': '340182', 'total': 98964}",2024-12-22,2024-12-22T11:30:06+00:00
81,Oceania,French-Polynesia,284164.0,"{'new': None, 'active': None, 'critical': None, 'recovered': None, '1M_pop': '278902', 'total': 79254}","{'new': None, '1M_pop': '2287', 'total': 650}","{'1M_pop': None, 'total': None}",2024-12-22,2024-12-22T11:30:06+00:00
82,Africa,Eswatini,1184817.0,"{'new': None, 'active': 648, 'critical': None, 'recovered': 73116, '1M_pop': '63462', 'total': 75191}","{'new': None, '1M_pop': '1204', 'total': 1427}","{'1M_pop': '885119', 'total': 1048704}",2024-12-22,2024-12-22T11:30:06+00:00
83,South-America,Guyana,794045.0,"{'new': None, 'active': 824, 'critical': None, 'recovered': 72013, '1M_pop': '93366', 'total': 74137}","{'new': None, '1M_pop': '1637', 'total': 1300}","{'1M_pop': '923396', 'total': 733218}",2024-12-22,2024-12-22T11:30:06+00:00
84,North-America,Belize,412190.0,"{'new': None, 'active': None, 'critical': None, 'recovered': None, '1M_pop': '173243', 'total': 71409}","{'new': None, '1M_pop': '1669', 'total': 688}","{'1M_pop': '1397453', 'total': 576016}",2024-12-22,2024-12-22T11:30:06+00:00
85,Africa,Madagascar,29178077.0,"{'new': None, 'active': 198, 'critical': None, 'recovered': 66862, '1M_pop': '2347', 'total': 68486}","{'new': None, '1M_pop': '49', 'total': 1426}","{'1M_pop': '18210', 'total': 531329}",2024-12-22,2024-12-22T11:30:06+00:00
86,Africa,Cabo-Verde,567678.0,"{'new': None, 'active': 305, 'critical': 23, 'recovered': 63755, '1M_pop': '113580', 'total': 64477}","{'new': None, '1M_pop': '735', 'total': 417}","{'1M_pop': '707482', 'total': 401622}",2024-12-22,2024-12-22T11:30:06+00:00
87,Africa,Sudan,45992020.0,"{'new': None, 'active': 0, 'critical': None, 'recovered': 58947, '1M_pop': '1391', 'total': 63993}","{'new': None, '1M_pop': '110', 'total': 5046}","{'1M_pop': '12240', 'total': 562941}",2024-12-22,2024-12-22T11:30:06+00:00
88,Africa,Mauritania,4901981.0,"{'new': None, 'active': 380, 'critical': None, 'recovered': 62471, '1M_pop': '13025', 'total': 63848}","{'new': None, '1M_pop': '203', 'total': 997}","{'1M_pop': '206030', 'total': 1009957}",2024-12-22,2024-12-22T11:30:06+00:00
89,Asia,Bhutan,787941.0,"{'new': None, 'active': 1112, 'critical': None, 'recovered': 61564, '1M_pop': '79571', 'total': 62697}","{'new': None, '1M_pop': '27', 'total': 21}","{'1M_pop': '2923739', 'total': 2303734}",2024-12-22,2024-12-22T11:30:06+00:00
90,Asia,Syria,19364809.0,"{'new': None, 'active': 0, 'critical': None, 'recovered': 54578, '1M_pop': '2982', 'total': 57743}","{'new': None, '1M_pop': '163', 'total': 3165}","{'1M_pop': '7553', 'total': 146269}",2024-12-22,2024-12-22T11:30:06+00:00
91,Africa,Burundi,12624840.0,"{'new': None, 'active': 1114, 'critical': None, 'recovered': 53569, '1M_pop': '4334', 'total': 54721}","{'new': None, '1M_pop': '3', 'total': 38}","{'1M_pop': '27386', 'total': 345742}",2024-12-22,2024-12-22T11:30:06+00:00
92,Africa,Seychelles,99426.0,"{'new': None, 'active': 0, 'critical': None, 'recovered': 51048, '1M_pop': '515157', 'total': 51220}","{'new': None, '1M_pop': '1730', 'total': 172}","{'1M_pop': None, 'total': None}",2024-12-22,2024-12-22T11:30:06+00:00
93,Africa,Gabon,2331533.0,"{'new': None, 'active': 70, 'critical': None, 'recovered': 48674, '1M_pop': '21038', 'total': 49051}","{'new': None, '1M_pop': '132', 'total': 307}","{'1M_pop': '695641', 'total': 1621909}",2024-12-22,2024-12-22T11:30:06+00:00
94,Europe,Andorra,77463.0,"{'new': None, 'active': None, 'critical': None, 'recovered': None, '1M_pop': '619844', 'total': 48015}","{'new': None, '1M_pop': '2130', 'total': 165}","{'1M_pop': '3225256', 'total': 249838}",2024-12-22,2024-12-22T11:30:06+00:00
95,Oceania,Papua-New-Guinea,9292169.0,"{'new': None, 'active': 26, 'critical': None, 'recovered': 46168, '1M_pop': '5043', 'total': 46864}","{'new': None, '1M_pop': '72', 'total': 670}","{'1M_pop': '26813', 'total': 249149}",2024-12-22,2024-12-22T11:30:06+00:00
96,Africa,Tanzania,63298550.0,"{'new': None, 'active': None, 'critical': None, 'recovered': None, '1M_pop': '683', 'total': 43223}","{'new': None, '1M_pop': '13', 'total': 846}","{'1M_pop': None, 'total': None}",2024-12-22,2024-12-22T11:30:06+00:00
97,Africa,Mauritius,1274727.0,"{'new': None, 'active': 696, 'critical': None, 'recovered': 41278, '1M_pop': '33752', 'total': 43025}","{'new': None, '1M_pop': '824', 'total': 1051}","{'1M_pop': '281374', 'total': 358675}",2024-12-22,2024-12-22T11:30:06+00:00
98,Africa,Togo,8680837.0,"{'new': None, 'active': 1, 'critical': None, 'recovered': 39281, '1M_pop': '4559', 'total': 39572}","{'new': None, '1M_pop': '33', 'total': 290}","{'1M_pop': '93908', 'total': 815204}",2024-12-22,2024-12-22T11:30:06+00:00
99,Africa,Guinea,13865691.0,"{'new': None, 'active': 347, 'critical': None, 'recovered': 37757, '1M_pop': '2782', 'total': 38572}","{'new': None, '1M_pop': '34', 'total': 468}","{'1M_pop': '47607', 'total': 660107}",2024-12-22,2024-12-22T11:30:06+00:00
100,Africa,Lesotho,2175699.0,"{'new': None, 'active': 9435, 'critical': None, 'recovered': 25980, '1M_pop': '16610', 'total': 36138}","{'new': None, '1M_pop': '332', 'total': 723}","{'1M_pop': '198199', 'total': 431221}",2024-12-22,2024-12-22T11:30:06+00:00
101,North-America,Haiti,11680283.0,"{'new': None, 'active': 73, 'critical': None, 'recovered': 33734, '1M_pop': '2968', 'total': 34667}","{'new': None, '1M_pop': '74', 'total': 860}","{'1M_pop': '11337', 'total': 132422}",2024-12-22,2024-12-22T11:30:06+00:00
102,Europe,Faeroe-Islands,49233.0,"{'new': None, 'active': None, 'critical': None, 'recovered': None, '1M_pop': '703959', 'total': 34658}","{'new': None, '1M_pop': '569', 'total': 28}","{'1M_pop': '15802409', 'total': 778000}",2024-12-22,2024-12-22T11:30:06+00:00
103,Africa,Mali,21473764.0,"{'new': None, 'active': 89, 'critical': None, 'recovered': 32332, '1M_pop': '1544', 'total': 33164}","{'new': None, '1M_pop': '35', 'total': 743}","{'1M_pop': '37483', 'total': 804909}",2024-12-22,2024-12-22T11:30:06+00:00
104,North-America,Saint-Lucia,185113.0,"{'new': None, 'active': 0, 'critical': None, 'recovered': 29805, '1M_pop': '163225', 'total': 30215}","{'new': None, '1M_pop': '2215', 'total': 410}","{'1M_pop': '1139752', 'total': 210983}",2024-12-22,2024-12-22T11:30:06+00:00
105,South-America,Venezuela,29266991.0,"{'new': '+10', 'active': 302, 'critical': 31, 'recovered': 546537, '1M_pop': '18885', 'total': 552695}","{'new': None, '1M_pop': '200', 'total': 5856}","{'1M_pop': '114771', 'total': 3359014}",2024-12-22,2024-12-22T11:30:05+00:00
106,Africa,Egypt,106156692.0,"{'new': None, 'active': 49228, 'critical': 122, 'recovered': 442182, '1M_pop': '4861', 'total': 516023}","{'new': None, '1M_pop': '232', 'total': 24613}","{'1M_pop': '34792', 'total': 3693367}",2024-12-22,2024-12-22T11:30:05+00:00
107,Asia,Uzbekistan,34382084.0,"{'new': '+136', 'active': 10539, 'critical': 23, 'recovered': 241486, '1M_pop': '7378', 'total': 253662}","{'new': None, '1M_pop': '48', 'total': 1637}","{'1M_pop': '40077', 'total': 1377915}",2024-12-22,2024-12-22T11:30:05+00:00
108,Asia,Kyrgyzstan,6728271.0,"{'new': '+7', 'active': 7500, 'critical': 131, 'recovered': 196406, '1M_pop': '30750', 'total': 206897}","{'new': None, '1M_pop': '445', 'total': 2991}","{'1M_pop': '283460', 'total': 1907195}",2024-12-22,2024-12-22T11:30:05+00:00
109,Asia,Qatar,2979915.0,"{'new': '+28', 'active': 147, 'critical': 16, 'recovered': 513687, '1M_pop': '172664', 'total': 514524}","{'new': None, '1M_pop': '232', 'total': 690}","{'1M_pop': '1364257', 'total': 4065369}",2024-12-22,2024-12-22T11:30:05+00:00
110,Asia,Myanmar,55227143.0,"{'new': None, 'active': 2219, 'critical': None, 'recovered': 620159, '1M_pop': '11622', 'total': 641873}","{'new': None, '1M_pop': '353', 'total': 19495}","{'1M_pop': '212061', 'total': 11711514}",2024-12-22,2024-12-22T11:30:05+00:00
111,Europe,Moldova,4013171.0,"{'new': None, 'active': None, 'critical': None, 'recovered': None, '1M_pop': '158265', 'total': 635145}","{'new': None, '1M_pop': '3044', 'total': 12218}","{'1M_pop': '801437', 'total': 3216305}",2024-12-22,2024-12-22T11:30:05+00:00
112,Europe,Estonia,1321910.0,"{'new': None, 'active': None, 'critical': None, 'recovered': None, '1M_pop': '475123', 'total': 628070}","{'new': None, '1M_pop': '2270', 'total': 3001}","{'1M_pop': '5271239', 'total': 6968103}",2024-12-22,2024-12-22T11:30:05+00:00
113,Asia,Palestine,5345541.0,"{'new': None, 'active': 159, 'critical': None, 'recovered': 615445, '1M_pop': '116173', 'total': 621008}","{'new': None, '1M_pop': '1011', 'total': 5404}","{'1M_pop': '575907', 'total': 3078533}",2024-12-22,2024-12-22T11:30:05+00:00
114,Africa,Libya,7040745.0,"{'new': None, 'active': 2, 'critical': None, 'recovered': 500835, '1M_pop': '72048', 'total': 507274}","{'new': None, '1M_pop': '914', 'total': 6437}","{'1M_pop': '352782', 'total': 2483848}",2024-12-22,2024-12-22T11:30:05+00:00
115,Africa,Ethiopia,120812698.0,"{'new': None, 'active': 5412, 'critical': None, 'recovered': 488171, '1M_pop': '4148', 'total': 501157}","{'new': None, '1M_pop': '63', 'total': 7574}","{'1M_pop': '46066', 'total': 5565340}",2024-12-22,2024-12-22T11:30:05+00:00
116,Africa,R&eacute;union,908061.0,"{'new': None, 'active': None, 'critical': None, 'recovered': None, '1M_pop': '544672', 'total': 494595}","{'new': None, '1M_pop': '1014', 'total': 921}","{'1M_pop': '1766027', 'total': 1603660}",2024-12-22,2024-12-22T11:30:05+00:00
117,North-America,Honduras,10221247.0,"{'new': None, 'active': None, 'critical': None, 'recovered': None, '1M_pop': '46432', 'total': 474590}","{'new': None, '1M_pop': '1092', 'total': 11165}","{'1M_pop': '162472', 'total': 1660662}",2024-12-22,2024-12-22T11:30:05+00:00
118,Asia,Armenia,2971966.0,"{'new': None, 'active': 7892, 'critical': None, 'recovered': 435162, '1M_pop': '152031', 'total': 451831}","{'new': None, '1M_pop': '2953', 'total': 8777}","{'1M_pop': '1091164', 'total': 3242901}",2024-12-22,2024-12-22T11:30:05+00:00
119,Europe,Bosnia-and-Herzegovina,3249317.0,"{'new': None, 'active': 8143, 'critical': None, 'recovered': 379084, '1M_pop': '124215', 'total': 403615}","{'new': None, '1M_pop': '5044', 'total': 16388}","{'1M_pop': '580036', 'total': 1884721}",2024-12-22,2024-12-22T11:30:05+00:00
120,Asia,Oman,5323993.0,"{'new': None, 'active': None, 'critical': None, 'recovered': None, '1M_pop': '75028', 'total': 399449}","{'new': None, '1M_pop': '869', 'total': 4628}","{'1M_pop': '4695724', 'total': 25000000}",2024-12-22,2024-12-22T11:30:05+00:00
121,Europe,Luxembourg,642371.0,"{'new': None, 'active': None, 'critical': None, 'recovered': None, '1M_pop': '609044', 'total': 391232}","{'new': None, '1M_pop': '1918', 'total': 1232}","{'1M_pop': '7140959', 'total': 4587145}",2024-12-22,2024-12-22T11:30:05+00:00
122,Europe,North-Macedonia,2081304.0,"{'new': None, 'active': 3523, 'critical': None, 'recovered': 337068, '1M_pop': '168436', 'total': 350567}","{'new': None, '1M_pop': '4793', 'total': 9976}","{'1M_pop': '1069626', 'total': 2226216}",2024-12-22,2024-12-22T11:30:05+00:00
123,Africa,Zambia,19470234.0,"{'new': None, 'active': 3919, 'critical': None, 'recovered': 341316, '1M_pop': '17940', 'total': 349304}","{'new': None, '1M_pop': '209', 'total': 4069}","{'1M_pop': '211244', 'total': 4112961}",2024-12-22,2024-12-22T11:30:05+00:00
124,Africa,Kenya,56215221.0,"{'new': None, 'active': 1132, 'critical': None, 'recovered': 337309, '1M_pop': '6122', 'total': 344130}","{'new': None, '1M_pop': '101', 'total': 5689}","{'1M_pop': '70569', 'total': 3967062}",2024-12-22,2024-12-22T11:30:05+00:00
125,Asia,Brunei,445431.0,"{'new': None, 'active': 99893, 'critical': 3, 'recovered': 243601, '1M_pop': '771655', 'total': 343719}","{'new': None, '1M_pop': '505', 'total': 225}","{'1M_pop': '1611437', 'total': 717784}",2024-12-22,2024-12-22T11:30:05+00:00
126,Europe,Albania,2866374.0,"{'new': None, 'active': 1025, 'critical': None, 'recovered': 330233, '1M_pop': '116825', 'total': 334863}","{'new': None, '1M_pop': '1258', 'total': 3605}","{'1M_pop': '677173', 'total': 1941032}",2024-12-22,2024-12-22T11:30:05+00:00
127,Africa,Botswana,2441162.0,"{'new': None, 'active': 788, 'critical': 1, 'recovered': 327049, '1M_pop': '135443', 'total': 330638}","{'new': None, '1M_pop': '1147', 'total': 2801}","{'1M_pop': '830300', 'total': 2026898}",2024-12-22,2024-12-22T11:30:05+00:00
128,Europe,Montenegro,627950.0,"{'new': None, 'active': 1902, 'critical': None, 'recovered': 291794, '1M_pop': '472238', 'total': 296542}","{'new': None, '1M_pop': '4532', 'total': 2846}","{'1M_pop': '4410034', 'total': 2769281}",2024-12-22,2024-12-22T11:30:05+00:00
129,Africa,Algeria,45350148.0,"{'new': None, 'active': 82068, 'critical': None, 'recovered': 183061, '1M_pop': '5998', 'total': 272010}","{'new': None, '1M_pop': '152', 'total': 6881}","{'1M_pop': '5093', 'total': 230960}",2024-12-22,2024-12-22T11:30:05+00:00
130,Africa,Nigeria,216746934.0,"{'new': None, 'active': 4080, 'critical': 11, 'recovered': 259953, '1M_pop': '1233', 'total': 267188}","{'new': None, '1M_pop': '15', 'total': 3155}","{'1M_pop': '26339', 'total': 5708974}",2024-12-22,2024-12-22T11:30:05+00:00
131,Africa,Zimbabwe,15331428.0,"{'new': None, 'active': 1731, 'critical': 12, 'recovered': 258888, '1M_pop': '17373', 'total': 266359}","{'new': None, '1M_pop': '374', 'total': 5740}","{'1M_pop': '164744', 'total': 2525756}",2024-12-22,2024-12-22T11:30:05+00:00
132,Asia,Afghanistan,40754388.0,"{'new': None, 'active': 15098, 'critical': None, 'recovered': 211080, '1M_pop': '5746', 'total': 234174}","{'new': None, '1M_pop': '196', 'total': 7996}","{'1M_pop': '34125', 'total': 1390730}",2024-12-22,2024-12-22T11:30:05+00:00
133,Africa,Mozambique,33089461.0,"{'new': None, 'active': 2676, 'critical': 11, 'recovered': 228805, '1M_pop': '7064', 'total': 233731}","{'new': None, '1M_pop': '68', 'total': 2250}","{'1M_pop': '41437', 'total': 1371127}",2024-12-22,2024-12-22T11:30:05+00:00
134,North-America,Martinique,374087.0,"{'new': None, 'active': None, 'critical': None, 'recovered': None, '1M_pop': '615777', 'total': 230354}","{'new': None, '1M_pop': '2946', 'total': 1102}","{'1M_pop': '2215870', 'total': 828928}",2024-12-22,2024-12-22T11:30:05+00:00
135,Asia,Laos,7481023.0,"{'new': None, 'active': None, 'critical': None, 'recovered': None, '1M_pop': '29270', 'total': 218970}","{'new': None, '1M_pop': '101', 'total': 758}","{'1M_pop': '164845', 'total': 1233207}",2024-12-22,2024-12-22T11:30:05+00:00
136,Europe,Iceland,345393.0,"{'new': None, 'active': None, 'critical': None, 'recovered': None, '1M_pop': '607731', 'total': 209906}","{'new': None, '1M_pop': '663', 'total': 229}","{'1M_pop': '5780036', 'total': 1996384}",2024-12-22,2024-12-22T11:30:05+00:00
137,North-America,Guadeloupe,399794.0,"{'new': None, 'active': None, 'critical': None, 'recovered': None, '1M_pop': '508349', 'total': 203235}","{'new': None, '1M_pop': '2554', 'total': 1021}","{'1M_pop': '2346306', 'total': 938039}",2024-12-22,2024-12-22T11:30:05+00:00
138,North-America,El-Salvador,6550389.0,"{'new': None, 'active': 18215, 'critical': None, 'recovered': 179410, '1M_pop': '30816', 'total': 201855}","{'new': None, '1M_pop': '646', 'total': 4230}","{'1M_pop': '398467', 'total': 2610114}",2024-12-22,2024-12-22T11:30:05+00:00
139,North-America,Trinidad-and-Tobago,1406585.0,"{'new': None, 'active': 28, 'critical': None, 'recovered': 187078, '1M_pop': '136143', 'total': 191496}","{'new': None, '1M_pop': '3121', 'total': 4390}","{'1M_pop': '649295', 'total': 913289}",2024-12-22,2024-12-22T11:30:05+00:00
140,Asia,Maldives,540985.0,"{'new': None, 'active': 22691, 'critical': 25, 'recovered': 163687, '1M_pop': '345100', 'total': 186694}","{'new': None, '1M_pop': '584', 'total': 316}","{'1M_pop': '4092223', 'total': 2213831}",2024-12-22,2024-12-22T11:30:05+00:00
141,Africa,Namibia,2633874.0,"{'new': None, 'active': 1184, 'critical': None, 'recovered': 167099, '1M_pop': '65451', 'total': 172389}","{'new': None, '1M_pop': '1559', 'total': 4106}","{'1M_pop': '403460', 'total': 1062663}",2024-12-22,2024-12-22T11:30:05+00:00
142,Africa,Uganda,48432863.0,"{'new': None, 'active': 68086, 'critical': None, 'recovered': 100431, '1M_pop': '3554', 'total': 172149}","{'new': None, '1M_pop': '75', 'total': 3632}","{'1M_pop': '62198', 'total': 3012408}",2024-12-22,2024-12-22T11:30:05+00:00
143,Africa,Ghana,32395450.0,"{'new': None, 'active': 2, 'critical': None, 'recovered': 170425, '1M_pop': '5306', 'total': 171889}","{'new': None, '1M_pop': '45', 'total': 1462}","{'1M_pop': '78456', 'total': 2541625}",2024-12-22,2024-12-22T11:30:05+00:00
144,North-America,Jamaica,2985094.0,"{'new': None, 'active': None, 'critical': None, 'recovered': None, '1M_pop': '52551', 'total': 156869}","{'new': None, '1M_pop': '1258', 'total': 3756}","{'1M_pop': '396633', 'total': 1183986}",2024-12-22,2024-12-22T11:30:05+00:00
145,Asia,Cambodia,17168639.0,"{'new': None, 'active': 3, 'critical': None, 'recovered': 136044, '1M_pop': '8102', 'total': 139103}","{'new': None, '1M_pop': '178', 'total': 3056}","{'1M_pop': '180062', 'total': 3091420}",2024-12-22,2024-12-22T11:30:05+00:00
146,Africa,Rwanda,13600464.0,"{'new': None, 'active': 11, 'critical': None, 'recovered': 132039, '1M_pop': '9817', 'total': 133518}","{'new': None, '1M_pop': '108', 'total': 1468}","{'1M_pop': '442778', 'total': 6021981}",2024-12-22,2024-12-22T11:30:05+00:00
147,Africa,Cameroon,27911548.0,"{'new': None, 'active': 125, 'critical': None, 'recovered': 123280, '1M_pop': '4492', 'total': 125379}","{'new': None, '1M_pop': '71', 'total': 1974}","{'1M_pop': '62762', 'total': 1751774}",2024-12-22,2024-12-22T11:30:05+00:00
148,Asia,Jordan,10300869.0,"{'new': None, 'active': 1868, 'critical': 59, 'recovered': 1731007, '1M_pop': '169597', 'total': 1746997}","{'new': None, '1M_pop': '1371', 'total': 14122}","{'1M_pop': '1669945', 'total': 17201885}",2024-12-22,2024-12-22T11:30:04+00:00
149,Europe,Belarus,9432800.0,"{'new': None, 'active': 1327, 'critical': None, 'recovered': 985592, '1M_pop': '105381', 'total': 994037}","{'new': None, '1M_pop': '755', 'total': 7118}","{'1M_pop': '1446722', 'total': 13646641}",2024-12-22,2024-12-22T11:30:04+00:00
150,Asia,Kazakhstan,19205043.0,"{'new': '+63', 'active': 14963, 'critical': 24, 'recovered': 1383020, '1M_pop': '73514', 'total': 1411831}","{'new': None, '1M_pop': '721', 'total': 13848}","{'1M_pop': '602707', 'total': 11575012}",2024-12-22,2024-12-22T11:30:04+00:00
151,Europe,Sweden,10218971.0,"{'new': None, 'active': 230, 'critical': None, 'recovered': 2726492, '1M_pop': '269511', 'total': 2754129}","{'new': None, '1M_pop': '2682', 'total': 27407}","{'1M_pop': '1908301', 'total': 19500873}",2024-12-22,2024-12-22T11:30:04+00:00
152,Oceania,New-Zealand,4898203.0,"{'new': None, 'active': 1623, 'critical': None, 'recovered': 2613791, '1M_pop': '535117', 'total': 2621111}","{'new': None, '1M_pop': '1163', 'total': 5697}","{'1M_pop': '1586011', 'total': 7768604}",2024-12-22,2024-12-22T11:30:04+00:00
153,Europe,Serbia,8653016.0,"{'new': None, 'active': 389, 'critical': None, 'recovered': 2596608, '1M_pop': '302213', 'total': 2615054}","{'new': None, '1M_pop': '2087', 'total': 18057}","{'1M_pop': '1555958', 'total': 13463733}",2024-12-22,2024-12-22T11:30:04+00:00
154,Asia,Iraq,42164965.0,"{'new': None, 'active': 673, 'critical': None, 'recovered': 2439497, '1M_pop': '58474', 'total': 2465545}","{'new': None, '1M_pop': '602', 'total': 25375}","{'1M_pop': '463523', 'total': 19544451}",2024-12-22,2024-12-22T11:30:04+00:00
155,Europe,Hungary,9606259.0,"{'new': None, 'active': 29029, 'critical': None, 'recovered': 2152155, '1M_pop': '232164', 'total': 2230232}","{'new': None, '1M_pop': '5106', 'total': 49048}","{'1M_pop': '1186160', 'total': 11394556}",2024-12-22,2024-12-22T11:30:04+00:00
156,Asia,Bangladesh,167885689.0,"{'new': None, 'active': None, 'critical': None, 'recovered': None, '1M_pop': '12207', 'total': 2049377}","{'new': None, '1M_pop': '176', 'total': 29493}","{'1M_pop': '90862', 'total': 15254399}",2024-12-22,2024-12-22T11:30:04+00:00
157,Europe,Slovakia,5460193.0,"{'new': None, 'active': 0, 'critical': 23, 'recovered': 1856381, '1M_pop': '343872', 'total': 1877605}","{'new': None, '1M_pop': '3887', 'total': 21224}","{'1M_pop': '1364199', 'total': 7448789}",2024-12-22,2024-12-22T11:30:04+00:00
158,Asia,Georgia,3968738.0,"{'new': None, 'active': None, 'critical': None, 'recovered': None, '1M_pop': '469082', 'total': 1861665}","{'new': None, '1M_pop': '4317', 'total': 17132}","{'1M_pop': '4263340', 'total': 16920079}",2024-12-22,2024-12-22T11:30:04+00:00
159,Europe,Ireland,5020199.0,"{'new': None, 'active': 170, 'critical': 19, 'recovered': 1724921, '1M_pop': '345521', 'total': 1734582}","{'new': None, '1M_pop': '1891', 'total': 9491}","{'1M_pop': '2606161', 'total': 13083449}",2024-12-22,2024-12-22T11:30:04+00:00
160,Asia,Pakistan,229488994.0,"{'new': None, 'active': 12583, 'critical': None, 'recovered': 1538689, '1M_pop': '6893', 'total': 1581936}","{'new': None, '1M_pop': '134', 'total': 30664}","{'1M_pop': '133292', 'total': 30589153}",2024-12-22,2024-12-22T11:30:04+00:00
161,Europe,Finland,5554960.0,"{'new': None, 'active': 170, 'critical': None, 'recovered': 1503989, '1M_pop': '272930', 'total': 1516117}","{'new': None, '1M_pop': '2153', 'total': 11958}","{'1M_pop': '2179850', 'total': 12108977}",2024-12-22,2024-12-22T11:30:04+00:00
162,Europe,Norway,5511370.0,"{'new': None, 'active': 0, 'critical': None, 'recovered': 1503094, '1M_pop': '273930', 'total': 1509732}","{'new': None, '1M_pop': '1204', 'total': 6638}","{'1M_pop': '1996315', 'total': 11002430}",2024-12-22,2024-12-22T11:30:04+00:00
163,Europe,Lithuania,2661708.0,"{'new': None, 'active': 431, 'critical': None, 'recovered': 1387478, '1M_pop': '525154', 'total': 1397806}","{'new': None, '1M_pop': '3718', 'total': 9897}","{'1M_pop': '3959997', 'total': 10540357}",2024-12-22,2024-12-22T11:30:04+00:00
164,Europe,Slovenia,2078034.0,"{'new': None, 'active': 22, 'critical': None, 'recovered': 1349424, '1M_pop': '652803', 'total': 1356546}","{'new': None, '1M_pop': '3417', 'total': 7100}","{'1M_pop': '1370382', 'total': 2847701}",2024-12-22,2024-12-22T11:30:04+00:00
165,Europe,Bulgaria,6844597.0,"{'new': None, 'active': 8159, 'critical': 22, 'recovered': 1292944, '1M_pop': '195753', 'total': 1339851}","{'new': None, '1M_pop': '5661', 'total': 38748}","{'1M_pop': '1705147', 'total': 11671043}",2024-12-22,2024-12-22T11:30:04+00:00
166,Europe,Croatia,4059286.0,"{'new': None, 'active': 32609, 'critical': None, 'recovered': 1258432, '1M_pop': '322650', 'total': 1309728}","{'new': None, '1M_pop': '4604', 'total': 18687}","{'1M_pop': '1394355', 'total': 5660084}",2024-12-22,2024-12-22T11:30:04+00:00
167,North-America,Guatemala,18584039.0,"{'new': None, 'active': 1113, 'critical': 5, 'recovered': 1269891, '1M_pop': '69484', 'total': 1291293}","{'new': None, '1M_pop': '1092', 'total': 20289}","{'1M_pop': '408622', 'total': 7593848}",2024-12-22,2024-12-22T11:30:04+00:00
168,Africa,Morocco,37772756.0,"{'new': None, 'active': None, 'critical': None, 'recovered': None, '1M_pop': '33860', 'total': 1278992}","{'new': None, '1M_pop': '432', 'total': 16303}","{'1M_pop': '344191', 'total': 13001033}",2024-12-22,2024-12-22T11:30:04+00:00
169,Asia,Lebanon,6684849.0,"{'new': None, 'active': 145299, 'critical': 74, 'recovered': 1087587, '1M_pop': '186068', 'total': 1243838}","{'new': None, '1M_pop': '1638', 'total': 10952}","{'1M_pop': '717380', 'total': 4795578}",2024-12-22,2024-12-22T11:30:04+00:00
170,North-America,Costa-Rica,5182354.0,"{'new': None, 'active': None, 'critical': None, 'recovered': None, '1M_pop': '239058', 'total': 1238883}","{'new': None, '1M_pop': '1819', 'total': 9428}","{'1M_pop': '899158', 'total': 4659757}",2024-12-22,2024-12-22T11:30:04+00:00
171,South-America,Bolivia,11992656.0,"{'new': None, 'active': 12579, 'critical': 220, 'recovered': 1177145, '1M_pop': '101073', 'total': 1212131}","{'new': None, '1M_pop': '1868', 'total': 22407}","{'1M_pop': '225993', 'total': 2710261}",2024-12-22,2024-12-22T11:30:04+00:00
172,Africa,Tunisia,12046656.0,"{'new': None, 'active': None, 'critical': None, 'recovered': None, '1M_pop': '95741', 'total': 1153361}","{'new': None, '1M_pop': '2442', 'total': 29423}","{'1M_pop': '416164', 'total': 5013383}",2024-12-22,2024-12-22T11:30:04+00:00
173,North-America,Cuba,11305652.0,"{'new': None, 'active': 61, 'critical': None, 'recovered': 1106660, '1M_pop': '98645', 'total': 1115251}","{'new': None, '1M_pop': '754', 'total': 8530}","{'1M_pop': '1273936', 'total': 14402674}",2024-12-22,2024-12-22T11:30:04+00:00
174,South-America,Ecuador,18113361.0,"{'new': None, 'active': 0, 'critical': None, 'recovered': 1034145, '1M_pop': '59083', 'total': 1070188}","{'new': None, '1M_pop': '1990', 'total': 36043}","{'1M_pop': '170173', 'total': 3082403}",2024-12-22,2024-12-22T11:30:04+00:00
175,Asia,UAE,10081785.0,"{'new': None, 'active': None, 'critical': None, 'recovered': None, '1M_pop': '105837', 'total': 1067030}","{'new': None, '1M_pop': '233', 'total': 2349}","{'1M_pop': '19910389', 'total': 200732262}",2024-12-22,2024-12-22T11:30:04+00:00
176,North-America,Panama,4446964.0,"{'new': None, 'active': 64, 'critical': 16, 'recovered': 1051102, '1M_pop': '238341', 'total': 1059893}","{'new': None, '1M_pop': '1962', 'total': 8727}","{'1M_pop': '1772585', 'total': 7882622}",2024-12-22,2024-12-22T11:30:04+00:00
177,South-America,Uruguay,3496016.0,"{'new': None, 'active': 2503, 'critical': 18, 'recovered': 1030944, '1M_pop': '297799', 'total': 1041111}","{'new': None, '1M_pop': '2192', 'total': 7664}","{'1M_pop': '1749083', 'total': 6114822}",2024-12-22,2024-12-22T11:30:04+00:00
178,Asia,Mongolia,3378078.0,"{'new': None, 'active': 0, 'critical': None, 'recovered': 1009212, '1M_pop': '299429', 'total': 1011496}","{'new': None, '1M_pop': '676', 'total': 2284}","{'1M_pop': '1193000', 'total': 4030048}",2024-12-22,2024-12-22T11:30:04+00:00
179,Asia,Nepal,30225582.0,"{'new': None, 'active': 97, 'critical': None, 'recovered': 991322, '1M_pop': '33199', 'total': 1003450}","{'new': None, '1M_pop': '398', 'total': 12031}","{'1M_pop': '200088', 'total': 6047766}",2024-12-22,2024-12-22T11:30:04+00:00
180,Europe,Latvia,1848837.0,"{'new': None, 'active': 4384, 'critical': None, 'recovered': 971406, '1M_pop': '531418', 'total': 982505}","{'new': None, '1M_pop': '3632', 'total': 6715}","{'1M_pop': '4265272', 'total': 7885792}",2024-12-22,2024-12-22T11:30:04+00:00
181,Asia,Saudi-Arabia,35844909.0,"{'new': None, 'active': None, 'critical': None, 'recovered': None, '1M_pop': '23475', 'total': 841469}","{'new': None, '1M_pop': '269', 'total': 9646}","{'1M_pop': '1268848', 'total': 45481735}",2024-12-22,2024-12-22T11:30:04+00:00
182,South-America,Paraguay,7305843.0,"{'new': None, 'active': None, 'critical': None, 'recovered': None, '1M_pop': '114648', 'total': 837602}","{'new': None, '1M_pop': '2759', 'total': 20155}","{'1M_pop': '363751', 'total': 2657506}",2024-12-22,2024-12-22T11:30:04+00:00
183,Asia,Azerbaijan,10300205.0,"{'new': None, 'active': 745, 'critical': None, 'recovered': 824089, '1M_pop': '81089', 'total': 835234}","{'new': None, '1M_pop': '1010', 'total': 10400}","{'1M_pop': '752223', 'total': 7748050}",2024-12-22,2024-12-22T11:30:04+00:00
184,Asia,Bahrain,1783983.0,"{'new': None, 'active': 60, 'critical': None, 'recovered': 727915, '1M_pop': '408944', 'total': 729549}","{'new': None, '1M_pop': '882', 'total': 1574}","{'1M_pop': '6137138', 'total': 10948549}",2024-12-22,2024-12-22T11:30:04+00:00
185,Asia,Cyprus,1223387.0,"{'new': None, 'active': 0, 'critical': None, 'recovered': 679745, '1M_pop': '556741', 'total': 681110}","{'new': None, '1M_pop': '1116', 'total': 1365}","{'1M_pop': '7879860', 'total': 9640118}",2024-12-22,2024-12-22T11:30:04+00:00
186,North-America,Dominican-Republic,11056370.0,"{'new': None, 'active': 190, 'critical': 4, 'recovered': 671316, '1M_pop': '61131', 'total': 675890}","{'new': None, '1M_pop': '397', 'total': 4384}","{'1M_pop': '338350', 'total': 3740928}",2024-12-22,2024-12-22T11:30:04+00:00
187,Asia,Sri-Lanka,21575842.0,"{'new': None, 'active': 5, 'critical': None, 'recovered': 655852, '1M_pop': '31181', 'total': 672754}","{'new': None, '1M_pop': '783', 'total': 16897}","{'1M_pop': '300619', 'total': 6486117}",2024-12-22,2024-12-22T11:30:04+00:00
188,Asia,Kuwait,4380326.0,"{'new': None, 'active': None, 'critical': None, 'recovered': None, '1M_pop': '152308', 'total': 667158}","{'new': None, '1M_pop': '587', 'total': 2570}","{'1M_pop': '1930391', 'total': 8455743}",2024-12-22,2024-12-22T11:30:04+00:00
189,Asia,DPRK,25990679.0,"{'new': None, 'active': 0, 'critical': None, 'recovered': 4772739, '1M_pop': '183636', 'total': 4772813}","{'new': None, '1M_pop': '3', 'total': 74}","{'1M_pop': None, 'total': None}",2024-12-22,2024-12-22T11:30:03+00:00
190,Africa,South-Africa,60756135.0,"{'new': '+614', 'active': 61362, 'critical': 192, 'recovered': 3912506, '1M_pop': '67095', 'total': 4076463}","{'new': None, '1M_pop': '1689', 'total': 102595}","{'1M_pop': '441027', 'total': 26795090}",2024-12-22,2024-12-22T11:30:03+00:00
191,Europe,Ukraine,43192122.0,"{'new': None, 'active': 0, 'critical': None, 'recovered': 5445577, '1M_pop': '128681', 'total': 5557995}","{'new': None, '1M_pop': '2603', 'total': 112418}","{'1M_pop': '754855', 'total': 32603805}",2024-12-22,2024-12-22T11:30:03+00:00
192,Europe,Spain,46719142.0,"{'new': '+702', 'active': 30634, 'critical': 231, 'recovered': 13762417, '1M_pop': '297840', 'total': 13914811}","{'new': '+8', '1M_pop': '2606', 'total': 121760}","{'1M_pop': '10082298', 'total': 471036328}",2024-12-22,2024-12-22T11:30:03+00:00
193,Europe,Germany,83883596.0,"{'new': None, 'active': 405368, 'critical': None, 'recovered': 38240600, '1M_pop': '462891', 'total': 38828995}","{'new': None, '1M_pop': '2182', 'total': 183027}","{'1M_pop': '1458359', 'total': 122332384}",2024-12-22,2024-12-22T11:30:03+00:00
194,South-America,Brazil,215353593.0,"{'new': None, 'active': 1783377, 'critical': None, 'recovered': 36249161, '1M_pop': '179908', 'total': 38743918}","{'new': None, '1M_pop': '3303', 'total': 711380}","{'1M_pop': '296146', 'total': 63776166}",2024-12-22,2024-12-22T11:30:03+00:00
195,Asia,S-Korea,51329899.0,"{'new': None, 'active': 0, 'critical': None, 'recovered': 34535939, '1M_pop': '673523', 'total': 34571873}","{'new': None, '1M_pop': '700', 'total': 35934}","{'1M_pop': '307892', 'total': 15804065}",2024-12-22,2024-12-22T11:30:03+00:00
196,Asia,Japan,125584838.0,"{'new': None, 'active': None, 'critical': None, 'recovered': None, '1M_pop': '269169', 'total': 33803572}","{'new': None, '1M_pop': '595', 'total': 74694}","{'1M_pop': '799578', 'total': 100414883}",2024-12-22,2024-12-22T11:30:03+00:00
197,Europe,Italy,60262770.0,"{'new': None, 'active': 165544, 'critical': 22, 'recovered': 26361218, '1M_pop': '443445', 'total': 26723249}","{'new': None, '1M_pop': '3261', 'total': 196487}","{'1M_pop': '4665010', 'total': 281126449}",2024-12-22,2024-12-22T11:30:03+00:00
198,Europe,UK,68497907.0,"{'new': None, 'active': 0, 'critical': None, 'recovered': 24678275, '1M_pop': '363666', 'total': 24910387}","{'new': None, '1M_pop': '3389', 'total': 232112}","{'1M_pop': '7628357', 'total': 522526476}",2024-12-22,2024-12-22T11:30:03+00:00
199,Europe,Russia,145805947.0,"{'new': None, 'active': 175641, 'critical': None, 'recovered': 23545818, '1M_pop': '165454', 'total': 24124215}","{'new': None, '1M_pop': '2762', 'total': 402756}","{'1M_pop': '1875095', 'total': 273400000}",2024-12-22,2024-12-22T11:30:03+00:00
200,Asia,Turkey,85561976.0,"{'new': None, 'active': None, 'critical': None, 'recovered': None, '1M_pop': '201399', 'total': 17232066}","{'new': None, '1M_pop': '1194', 'total': 102174}","{'1M_pop': '1902052', 'total': 162743369}",2024-12-22,2024-12-22T11:30:03+00:00
201,Oceania,Australia,26068792.0,"{'new': None, 'active': 8716, 'critical': 3, 'recovered': 11820014, '1M_pop': '454687', 'total': 11853144}","{'new': None, '1M_pop': '937', 'total': 24414}","{'1M_pop': '3142326', 'total': 81916639}",2024-12-22,2024-12-22T11:30:03+00:00
202,Asia,Vietnam,98953541.0,"{'new': None, 'active': 941018, 'critical': None, 'recovered': 10640971, '1M_pop': '117481', 'total': 11625195}","{'new': None, '1M_pop': '437', 'total': 43206}","{'1M_pop': '867342', 'total': 85826548}",2024-12-22,2024-12-22T11:30:03+00:00
203,Asia,Taiwan,23888595.0,"{'new': None, 'active': 0, 'critical': None, 'recovered': 10222518, '1M_pop': '428720', 'total': 10241523}","{'new': None, '1M_pop': '796', 'total': 19005}","{'1M_pop': '1286903', 'total': 30742304}",2024-12-22,2024-12-22T11:30:03+00:00
204,South-America,Argentina,46010234.0,"{'new': None, 'active': 746, 'critical': None, 'recovered': 9997258, '1M_pop': '220143', 'total': 10128845}","{'new': None, '1M_pop': '2844', 'total': 130841}","{'1M_pop': '776264', 'total': 35716069}",2024-12-22,2024-12-22T11:30:03+00:00
205,Europe,Netherlands,17211447.0,"{'new': None, 'active': 195, 'critical': None, 'recovered': 8612599, '1M_pop': '501747', 'total': 8635786}","{'new': None, '1M_pop': '1336', 'total': 22992}","{'1M_pop': '1509718', 'total': 25984435}",2024-12-22,2024-12-22T11:30:03+00:00
206,North-America,Mexico,131562772.0,"{'new': None, 'active': 467986, 'critical': None, 'recovered': 6899865, '1M_pop': '58549', 'total': 7702809}","{'new': None, '1M_pop': '2546', 'total': 334958}","{'1M_pop': '152124', 'total': 20013810}",2024-12-22,2024-12-22T11:30:03+00:00
207,Asia,Iran,86022837.0,"{'new': None, 'active': None, 'critical': None, 'recovered': None, '1M_pop': '88665', 'total': 7627186}","{'new': None, '1M_pop': '1707', 'total': 146811}","{'1M_pop': '666338', 'total': 57320267}",2024-12-22,2024-12-22T11:30:03+00:00
208,Asia,Indonesia,279134505.0,"{'new': None, 'active': 20054, 'critical': None, 'recovered': 6647104, '1M_pop': '24466', 'total': 6829221}","{'new': None, '1M_pop': '581', 'total': 162063}","{'1M_pop': '408975', 'total': 114158919}",2024-12-22,2024-12-22T11:30:03+00:00
209,Europe,Poland,37739785.0,"{'new': None, 'active': None, 'critical': None, 'recovered': None, '1M_pop': '176524', 'total': 6661991}","{'new': None, '1M_pop': '3196', 'total': 120598}","{'1M_pop': '1041970', 'total': 39323709}",2024-12-22,2024-12-22T11:30:03+00:00
210,South-America,Colombia,51512762.0,"{'new': None, 'active': 44821, 'critical': 342, 'recovered': 6212152, '1M_pop': '124244', 'total': 6400173}","{'new': None, '1M_pop': '2780', 'total': 143200}","{'1M_pop': '717327', 'total': 36951507}",2024-12-22,2024-12-22T11:30:03+00:00
211,Europe,Greece,10316637.0,"{'new': None, 'active': None, 'critical': None, 'recovered': None, '1M_pop': '591412', 'total': 6101379}","{'new': None, '1M_pop': '3671', 'total': 37869}","{'1M_pop': '9909078', 'total': 102228365}",2024-12-22,2024-12-22T11:30:03+00:00
212,Europe,Austria,9066710.0,"{'new': None, 'active': 3811, 'critical': None, 'recovered': 6054934, '1M_pop': '670727', 'total': 6081287}","{'new': None, '1M_pop': '2486', 'total': 22542}","{'1M_pop': '23302116', 'total': 211273524}",2024-12-22,2024-12-22T11:30:03+00:00
213,Europe,Portugal,10140570.0,"{'new': None, 'active': 127, 'critical': 61, 'recovered': 5614809, '1M_pop': '556484', 'total': 5643062}","{'new': None, '1M_pop': '2774', 'total': 28126}","{'1M_pop': '4549993', 'total': 46139518}",2024-12-22,2024-12-22T11:30:03+00:00
214,South-America,Chile,19250195.0,"{'new': None, 'active': 67906, 'critical': 7, 'recovered': 5252450, '1M_pop': '279730', 'total': 5384853}","{'new': None, '1M_pop': '3350', 'total': 64497}","{'1M_pop': '2617225', 'total': 50382097}",2024-12-22,2024-12-22T11:30:03+00:00
215,Asia,Malaysia,33181072.0,"{'new': None, 'active': 7790, 'critical': 11, 'recovered': 5233268, '1M_pop': '159079', 'total': 5278406}","{'new': None, '1M_pop': '1126', 'total': 37348}","{'1M_pop': '2066869', 'total': 68580916}",2024-12-22,2024-12-22T11:30:03+00:00
216,North-America,Canada,38388419.0,"{'new': None, 'active': 5744, 'critical': 99, 'recovered': 4881312, '1M_pop': '128843', 'total': 4946090}","{'new': None, '1M_pop': '1538', 'total': 59034}","{'1M_pop': '1734189', 'total': 66572774}",2024-12-22,2024-12-22T11:30:03+00:00
217,Europe,Belgium,11668278.0,"{'new': None, 'active': 521, 'critical': None, 'recovered': 4826798, '1M_pop': '416659', 'total': 4861695}","{'new': None, '1M_pop': '2946', 'total': 34376}","{'1M_pop': '3209915', 'total': 37454182}",2024-12-22,2024-12-22T11:30:03+00:00
218,Asia,Israel,9326000.0,"{'new': None, 'active': 30592, 'critical': None, 'recovered': 4798473, '1M_pop': '519169', 'total': 4841772}","{'new': None, '1M_pop': '1363', 'total': 12707}","{'1M_pop': '4436346', 'total': 41373364}",2024-12-22,2024-12-22T11:30:03+00:00
219,Asia,Thailand,70078203.0,"{'new': None, 'active': 42927, 'critical': None, 'recovered': 4692636, '1M_pop': '68069', 'total': 4770149}","{'new': None, '1M_pop': '494', 'total': 34586}","{'1M_pop': '246488', 'total': 17273454}",2024-12-22,2024-12-22T11:30:03+00:00
220,Europe,Czechia,10736784.0,"{'new': None, 'active': 318, 'critical': 2, 'recovered': 4715206, '1M_pop': '443246', 'total': 4759041}","{'new': None, '1M_pop': '4053', 'total': 43517}","{'1M_pop': '5386552', 'total': 57834241}",2024-12-22,2024-12-22T11:30:03+00:00
221,South-America,Peru,33684208.0,"{'new': None, 'active': 0, 'critical': 4, 'recovered': 4350506, '1M_pop': '135751', 'total': 4572667}","{'new': None, '1M_pop': '6595', 'total': 222161}","{'1M_pop': '1158115', 'total': 39010194}",2024-12-22,2024-12-22T11:30:03+00:00
222,Europe,Switzerland,8773637.0,"{'new': None, 'active': 292, 'critical': None, 'recovered': 4438309, '1M_pop': '507549', 'total': 4453053}","{'new': None, '1M_pop': '1647', 'total': 14452}","{'1M_pop': '2716487', 'total': 23833472}",2024-12-22,2024-12-22T11:30:03+00:00
223,Asia,Philippines,112508994.0,"{'new': None, 'active': 6138, 'critical': None, 'recovered': 4067381, '1M_pop': '36800', 'total': 4140383}","{'new': None, '1M_pop': '594', 'total': 66864}","{'1M_pop': '320888', 'total': 36102746}",2024-12-22,2024-12-22T11:30:03+00:00
224,Europe,Romania,19031335.0,"{'new': None, 'active': 657, 'critical': 21, 'recovered': 3460149, '1M_pop': '185470', 'total': 3529735}","{'new': None, '1M_pop': '3622', 'total': 68929}","{'1M_pop': '1511122', 'total': 28758667}",2024-12-22,2024-12-22T11:30:03+00:00
225,Europe,Denmark,5834950.0,"{'new': None, 'active': 0, 'critical': None, 'recovered': 3174942, '1M_pop': '545636', 'total': 3183756}","{'new': None, '1M_pop': '1511', 'total': 8814}","{'1M_pop': '22165247', 'total': 129333107}",2024-12-22,2024-12-22T11:30:03+00:00
226,Asia,Singapore,5943546.0,"{'new': None, 'active': 0, 'critical': 4, 'recovered': 3004131, '1M_pop': '505785', 'total': 3006155}","{'new': None, '1M_pop': '341', 'total': 2024}","{'1M_pop': '4165302', 'total': 24756666}",2024-12-22,2024-12-22T11:30:03+00:00
227,Asia,Hong-Kong,7604299.0,"{'new': None, 'active': 6680, 'critical': None, 'recovered': 2916005, '1M_pop': '386309', 'total': 2937609}","{'new': None, '1M_pop': '1963', 'total': 14924}","{'1M_pop': '10011143', 'total': 76127725}",2024-12-22,2024-12-22T11:30:03+00:00
228,North-America,North-America,,"{'new': None, 'active': 2528062, 'critical': 6095, 'recovered': 127665129, '1M_pop': None, 'total': 131889132}","{'new': None, '1M_pop': None, 'total': 1695941}","{'1M_pop': None, 'total': None}",2024-12-22,2024-12-22T11:30:02+00:00
229,Asia,Asia,,"{'new': None, 'active': 14273512, 'critical': 14733, 'recovered': 205673091, '1M_pop': None, 'total': 221500265}","{'new': None, '1M_pop': None, 'total': 1553662}","{'1M_pop': None, 'total': None}",2024-12-22,2024-12-22T11:30:02+00:00
230,Europe,Europe,,"{'new': None, 'active': 2550270, 'critical': 4453, 'recovered': 248754104, '1M_pop': None, 'total': 253406198}","{'new': None, '1M_pop': None, 'total': 2101824}","{'1M_pop': None, 'total': None}",2024-12-22,2024-12-22T11:30:02+00:00
231,South-America,South-America,,"{'new': None, 'active': 2149962, 'critical': 8953, 'recovered': 66683585, '1M_pop': None, 'total': 70200879}","{'new': None, '1M_pop': None, 'total': 1367332}","{'1M_pop': None, 'total': None}",2024-12-22,2024-12-22T11:30:02+00:00
232,Oceania,Oceania,,"{'new': None, 'active': 110368, 'critical': 31, 'recovered': 14752388, '1M_pop': None, 'total': 14895771}","{'new': None, '1M_pop': None, 'total': 33015}","{'1M_pop': None, 'total': None}",2024-12-22,2024-12-22T11:30:02+00:00
233,Africa,Africa,,"{'new': None, 'active': 511224, 'critical': 529, 'recovered': 12090808, '1M_pop': None, 'total': 12860924}","{'new': None, '1M_pop': None, 'total': 258892}","{'1M_pop': None, 'total': None}",2024-12-22,2024-12-22T11:30:02+00:00
234,All,All,,"{'new': '0', 'active': 22123398, 'critical': 34794, 'recovered': 675619811, '1M_pop': '90413', 'total': 704753890}","{'new': '0', '1M_pop': '899.4', 'total': 7010681}","{'1M_pop': None, 'total': None}",2024-12-22,2024-12-22T11:30:02+00:00
235,North-America,USA,334805269.0,"{'new': None, 'active': 786167, 'critical': 940, 'recovered': 109814428, '1M_pop': '333985', 'total': 111820082}","{'new': None, '1M_pop': '3642', 'total': 1219487}","{'1M_pop': '3544901', 'total': 1186851502}",2024-12-22,2024-12-22T11:30:02+00:00
236,Asia,India,1406631776.0,"{'new': None, 'active': None, 'critical': None, 'recovered': None, '1M_pop': '32016', 'total': 45035393}","{'new': None, '1M_pop': '379', 'total': 533570}","{'1M_pop': '665334', 'total': 935879495}",2024-12-22,2024-12-22T11:30:02+00:00
237,Europe,France,65584518.0,"{'new': None, 'active': 0, 'critical': None, 'recovered': 39970918, '1M_pop': '612013', 'total': 40138560}","{'new': None, '1M_pop': '2556', 'total': 167642}","{'1M_pop': '4139547', 'total': 271490188}",2024-12-22,2024-12-22T11:30:02+00:00
