Product Name,Colours,Price,Rating,Ratings Count,Reviews Count,RAM (GB),ROM (GB),Display (inch),Battery Capacity (mAh)
SAMSUNG Galaxy A14 5G,Dark Red,10999,4.2,63583,3046,6,128,6.6,5000
SAMSUNG Galaxy A14 5G,Light Green,10999,4.2,63583,3046,6,128,6.6,5000
SAMSUNG Galaxy S23 5G,Cream,42999,4.6,65179,4462,8,256,6.1,3900
SAMSUNG Galaxy F05,Twilight Blue,6499,4.2,21063,1148,4,64,6.74,5000
SAMSUNG Galaxy A14 5G,Black,10999,4.2,63583,3046,6,128,6.6,5000
SAMSUNG Galaxy S23 5G,Cream,37999,4.6,65179,4462,8,128,6.1,3900
SAMSUNG Galaxy S23 5G,Green,42999,4.6,65179,4462,8,256,6.1,3900
SAMSUNG Galaxy S23 5G,Green,37999,4.6,65179,4462,8,128,6.1,3900
SAMSUNG Galaxy S23 5G,Lavender,42999,4.6,65179,4462,8,256,6.1,3900
SAMSUNG Galaxy S23 5G,Phantom Black,37999,4.6,65179,4462,8,128,6.1,3900
SAMSUNG Galaxy S23 5G,Lavender,37999,4.6,65179,4462,8,128,6.1,3900
SAMSUNG Galaxy S23 5G,Phantom Black,42999,4.6,65179,4462,8,256,6.1,3900
SAMSUNG Galaxy S24+ 5G,Onyx Black,64999,4.5,3747,280,12,256,6.7,4900
SAMSUNG Galaxy S23 FE,Graphite,30999,4.4,62125,3783,8,128,6.4,4500
SAMSUNG Galaxy S24+ 5G,Cobalt Violet,64999,4.5,3747,280,12,256,6.7,4900
SAMSUNG Galaxy M35 5G,DayBreak Blue,15699,4.4,5045,379,6,128,6.6,6000
SAMSUNG Galaxy S24 5G,Onyx Black,58469,4.5,1476,162,8,256,6.2,4000
SAMSUNG Galaxy A35 5G,Awesome Iceblue,30999,4.3,3286,244,8,128,6.6,5000
SAMSUNG Galaxy A35 5G,Awesome Navy,30999,4.3,3286,244,8,128,6.6,5000
SAMSUNG Galaxy A55 5G,Awesome Iceblue,42999,4.4,741,75,8,256,6.6,5000
SAMSUNG Galaxy A25 5G,Blue Black,20490,4.3,180,9,8,256,6.5,5000
SAMSUNG Galaxy A35 5G,Awesome Navy,33999,4.3,3286,244,8,256,6.6,5000
SAMSUNG Galaxy M35 5G,Thunder Grey,20688,4.4,396,22,8,128,6.6,6000
SAMSUNG Galaxy A35 5G,Awesome Iceblue,33999,4.3,3286,244,8,256,6.6,5000
SAMSUNG Galaxy A16 5G,Light Green,17999,4.2,467,31,8,128,6.7,5000
SAMSUNG Galaxy A14 5G,Black,10999,4.2,63583,3046,6,128,6.6,5000
SAMSUNG Galaxy A14 5G,Dark Red,10999,4.2,63583,3046,6,128,6.6,5000
SAMSUNG Galaxy A14 5G,Light Green,10999,4.2,63583,3046,6,128,6.6,5000
SAMSUNG Galaxy A35 5G,Awesome Lilac,33999,4.3,3286,244,8,256,6.6,5000
SAMSUNG Galaxy M14 4G,Sapphire Blue,8438,4.1,2366,96,4,64,6.6,6000
SAMSUNG Galaxy S23 5G,Cream,37999,4.6,65179,4462,8,128,6.1,3900
SAMSUNG Galaxy S23 5G,Cream,42999,4.6,65179,4462,8,256,6.1,3900
SAMSUNG Galaxy A16 5G,Gold,20999,4.2,467,31,8,256,6.7,5000
SAMSUNG Galaxy A16 5G,Gold,17999,4.2,467,31,8,128,6.7,5000
SAMSUNG Galaxy A16 5G,Blue Black,17990,4.2,467,31,8,128,6.7,5000
SAMSUNG Galaxy F15 5G,Groovy Violet,13499,4.2,28068,2279,6,128,6.5,6000
SAMSUNG Galaxy S23 5G,Phantom Black,37999,4.6,65179,4462,8,128,6.1,3900
SAMSUNG Galaxy S23 5G,Lavender,42999,4.6,65179,4462,8,256,6.1,3900
SAMSUNG Galaxy M14 4G,Arctic Blue,8465,4.1,2366,96,4,64,6.6,6000
SAMSUNG Galaxy M35 5G,Thunder Grey,23095,4.4,396,22,8,256,6.6,6000
SAMSUNG Galaxy S23 5G,Green,37999,4.6,65179,4462,8,128,6.1,3900
SAMSUNG Galaxy S23 5G,Lavender,37999,4.6,65179,4462,8,128,6.1,3900
SAMSUNG Galaxy S23 FE,Graphite,33999,4.4,62125,3783,8,256,6.4,4500
SAMSUNG Galaxy S23 Ultra 5G,Phantom Black,78000,4.6,3818,366,12,256,6.8,5000
SAMSUNG Galaxy A55 5G,Awesome Iceblue,39999,4.4,741,75,8,128,6.6,5000
SAMSUNG Galaxy S23 FE,Mint,30999,4.4,62125,3783,8,128,6.4,4500
SAMSUNG Galaxy S23 5G,Phantom Black,42999,4.6,65179,4462,8,256,6.1,3900
SAMSUNG Galaxy A16 5G,Light Green,20999,4.2,467,31,8,256,6.7,5000
SAMSUNG Galaxy A16 5G,Light Green,15899,4.8,8,1,6,128,6.7,5000
SAMSUNG Galaxy A55 5G,Awesome Navy,45999,4.3,348,30,12,256,6.6,5000
SAMSUNG Galaxy A14 5G,Dark Red,10999,4.2,63583,3046,6,128,6.6,5000
SAMSUNG Galaxy A14 5G,Light Green,10999,4.2,63583,3046,6,128,6.6,5000
SAMSUNG Galaxy S23 Ultra 5G,Green,78199,4.6,3818,366,12,256,6.8,5000
SAMSUNG Galaxy A05,Silver,7999,4.4,309,17,4,64,6.74,5000
SAMSUNG Galaxy S24 Ultra 5G,Titanium Gray,131999,4.6,2454,274,12,512,6.8,5000
SAMSUNG Galaxy M15 5G,Stone Grey,13209,4.3,2635,122,6,128,6.5,6000
SAMSUNG Galaxy A14 5G,Black,10999,4.2,63583,3046,6,128,6.6,5000
SAMSUNG Galaxy S23 5G,Cream,37999,4.6,65179,4462,8,128,6.1,3900
SAMSUNG Galaxy M15 5G,Blue Topaz,13232,4.3,2635,122,6,128,6.5,6000
SAMSUNG galaxy M15 5G,Stone Grey,15749,4.1,41,2,8,128,6.5,6000
SAMSUNG Galaxy S23 5G,Cream,42999,4.6,65179,4462,8,256,6.1,3900
SAMSUNG Galaxy S23 5G,Phantom Black,37999,4.6,65179,4462,8,128,6.1,3900
SAMSUNG galaxy M15 5G,Blue Topaz,15749,4.1,41,2,8,128,6.5,6000
SAMSUNG Galaxy F55 5G,Raisin Black,26999,3.9,361,38,12,256,6.7,5000
SAMSUNG Galaxy A16 5G,Blue Black,19245,4.2,467,31,8,256,6.7,5000
SAMSUNG Galaxy S23 FE,Mint,33999,4.4,62125,3783,8,256,6.4,4500
SAMSUNG Galaxy S23 5G,Lavender,42999,4.6,65179,4462,8,256,6.1,3900
SAMSUNG Galaxy S23 5G,Green,37999,4.6,65179,4462,8,128,6.1,3900
SAMSUNG M15 Prime Edition,Blue Topaz,13490,4.3,113,6,6,128,6.5,6000
SAMSUNG Galaxy F55 5G,Apricot Crush,20999,3.9,1106,79,8,128,6.7,5000
SAMSUNG Galaxy S23 5G,Lavender,37999,4.6,65179,4462,8,128,6.1,3900
SAMSUNG Galaxy S23 5G,Phantom Black,42999,4.6,65179,4462,8,256,6.1,3900
SAMSUNG Galaxy S23 FE,Purple,30999,4.4,62125,3783,8,128,6.4,4500
SAMSUNG Galaxy A25 5G,Yellow,26999,4.3,180,9,8,128,6.5,5000
SAMSUNG Galaxy Z Fold6 5G,Pink,176999,4.3,79,6,12,512,7.6,4400
SAMSUNG Galaxy M33 5G,Mystique Green,16640,4.2,4939,326,8,128,6.6,6000
SAMSUNG Galaxy A14 5G,Dark Red,10999,4.2,63583,3046,6,128,6.6,5000
SAMSUNG Galaxy A14 5G,Light Green,10999,4.2,63583,3046,6,128,6.6,5000
SAMSUNG Galaxy F15 5G,Ash Black,13499,4.2,28068,2279,6,128,6.5,6000
SAMSUNG Galaxy A55 5G,Awesome Iceblue,45999,4.3,348,30,12,256,6.6,5000
SAMSUNG Galaxy A14 5G,Black,10999,4.2,63583,3046,6,128,6.6,5000
SAMSUNG Galaxy S23 5G,Cream,37999,4.6,65179,4462,8,128,6.1,3900
SAMSUNG Galaxy S24 5G,Marble Gray,58999,4.5,1476,162,8,256,6.2,4000
SAMSUNG Galaxy Z Flip5,Mint,92499,4.4,755,45,8,256,6.7,3700
SAMSUNG Galaxy M14 5G,ICY Silver,12999,4.2,7155,373,4,128,6.6,6000
SAMSUNG Galaxy S24 FE 5G,Graphite,60999,4.5,40,2,8,256,6.7,4700
SAMSUNG Galaxy S23 5G,Cream,42999,4.6,65179,4462,8,256,6.1,3900
SAMSUNG Galaxy S23 5G,Phantom Black,37999,4.6,65179,4462,8,128,6.1,3900
SAMSUNG Galaxy S24 FE 5G,Blue,60999,4.5,40,2,8,256,6.7,4700
SAMSUNG Galaxy S24 FE 5G,Mint,60999,4.5,40,2,8,256,6.7,4700
SAMSUNG Galaxy S23 5G,Lavender,42999,4.6,65179,4462,8,256,6.1,3900
SAMSUNG Galaxy S23 5G,Green,37999,4.6,65179,4462,8,128,6.1,3900
SAMSUNG Galaxy S24 5G,Cobalt Violet,64959,4.5,1476,162,8,256,6.2,4000
SAMSUNG Galaxy S24 Ultra 5G,Titanium Violet,102999,4.6,2454,274,12,256,6.8,5000
SAMSUNG M15 5G Prime Edition,Stone Grey,13390,4.3,30,3,6,128,6.5,6000
SAMSUNG Galaxy M34 5G without charger,Prism Silver,22999,4.2,1114,90,8,128,6.5,6000
SAMSUNG Galaxy A14 5G,Dark Red,10999,4.2,63583,3046,6,128,6.6,5000
SAMSUNG Galaxy A14 5G,Light Green,10999,4.2,63583,3046,6,128,6.6,5000
SAMSUNG Galaxy S24 Ultra 5G,Titanium Yellow,111999,4.6,2454,274,12,512,6.8,5000
SAMSUNG Galaxy A25 5G,Blue Black,26999,4.3,180,9,8,128,6.5,5000
SAMSUNG Galaxy A14 5G,Black,10999,4.2,63583,3046,6,128,6.6,5000
SAMSUNG Galaxy S23 5G,Cream,37999,4.6,65179,4462,8,128,6.1,3900
Samsung Galaxy S21 FE 5G with Snapdragon 888,Olive,31170,4.3,50166,14030,8,256,6.4,4500
SAMSUNG M55s,Coral Green,21499,4.2,12,2,8,128,6.7,5000
SAMSUNG Galaxy F14 5G,B.A.E. Purple,13490,4.2,25843,8915,6,128,6.6,6000
SAMSUNG Galaxy A13,Black,12599,4.2,545,27,6,128,6.6,5000
SAMSUNG Galaxy S23 5G,Cream,42999,4.6,65179,4462,8,256,6.1,3900
SAMSUNG Galaxy S23 5G,Phantom Black,37999,4.6,65179,4462,8,128,6.1,3900
SAMSUNG Galaxy A25 5G,Yellow,21999,4.3,180,9,8,256,6.5,5000
SAMSUNG Galaxy F22,Denim Blue,13499,4.3,68242,6027,6,128,6.4,6000
SAMSUNG Galaxy S23 5G,Lavender,42999,4.6,65179,4462,8,256,6.1,3900
SAMSUNG Galaxy S23 5G,Green,37999,4.6,65179,4462,8,128,6.1,3900
SAMSUNG Galaxy A23 5G,Silver,23999,4.1,1358,70,8,128,6.6,5000
SAMSUNG Galaxy A54 5G,Awesome Violet,26999,4.3,4363,369,8,128,6.4,5000
SAMSUNG Metro 313,,2100,3.7,2002,175,,,2,512
SAMSUNG Metro 313 Dual Sim,,2799,4.1,5557,473,,,2.03,4
SAMSUNG Galaxy S23 5G,Lavender,37999,4.6,65179,4462,8,128,6.1,3900
SAMSUNG Galaxy S23 5G,Phantom Black,42999,4.6,65179,4462,8,256,6.1,3900
SAMSUNG A14 5g,"Green, Light Green",12990,4.1,18,0,6,128,6.6,5000
SAMSUNG Galaxy A04e,Copper,7490,4.1,148,9,3,64,6.5,5000
SAMSUNG Galaxy A14 5G,Dark Red,10999,4.2,63583,3046,6,128,6.6,5000
SAMSUNG Galaxy A14 5G,Light Green,10999,4.2,63583,3046,6,128,6.6,5000
SAMSUNG Galaxy F23 5G,Aqua Blue,17499,4.2,49091,3580,4,128,6.6,5000
SAMSUNG Galaxy F12,Celestial Black,10499,4.3,2504,23331,4,64,6.515,6000
SAMSUNG Galaxy S24 Ultra 5G,Titanium Violet,112999,4.6,2454,274,12,512,6.8,5000
SAMSUNG Sm-B110E/D,,1399,3.1,994,55,,,1.5,800
SAMSUNG Galaxy A14 5G,Black,10999,4.2,63583,3046,6,128,6.6,5000
SAMSUNG Galaxy S23 5G,Cream,37999,4.6,65179,4462,8,128,6.1,3900
SAMSUNG SM 1207,,1149,3.1,536,34,,,1.5,32
SAMSUNG Galaxy F13,Waterfall Blue,14999,4.3,8875,11743,4,64,6.6,6000
SAMSUNG Galaxy S23 5G,Cream,42999,4.6,65179,4462,8,256,6.1,3900
SAMSUNG Galaxy S23 5G,Phantom Black,37999,4.6,65179,4462,8,128,6.1,3900
SAMSUNG Galaxy A16 5G,Gold,20999,4.2,467,31,8,256,6.7,5000
SAMSUNG Metro SM-B313ez,,1598,3.4,895,82,,,2,1000
SAMSUNG Galaxy A54 5G,Awesome Lime,37499,4.3,4363,369,8,256,6.4,5000
SAMSUNG Galaxy A16 5G,Gold,16499,4.8,8,1,6,128,6.7,5000
SAMSUNG Galaxy S23 5G,Lavender,42999,4.6,65179,4462,8,256,6.1,3900
SAMSUNG Galaxy S23 5G,Green,37999,4.6,65179,4462,8,128,6.1,3900
SAMSUNG Galaxy A06,Light Blue,9999,4.1,18,3,4,64,6.7,5000
SAMSUNG Galaxy F12,Sea Green,10499,4.3,2504,23331,4,64,6.515,6000
SAMSUNG Galaxy S23 5G,Lavender,37999,4.6,65179,4462,8,128,6.1,3900
SAMSUNG Galaxy S23 5G,Phantom Black,42999,4.6,65179,4462,8,256,6.1,3900
SAMSUNG Galaxy M53 5G,Deep Ocean Blue,20790,4,225,20,6,128,6.7,5000
SAMSUNG Galaxy S24 Ultra 5G,Titanium Black,112499,4.6,2454,274,12,512,6.8,5000
SAMSUNG Galaxy A34 5G,Awesome Violet,35499,4.3,6978,556,8,128,6.6,5000
SAMSUNG Galaxy M34 5G without charger,Prism Silver,15995,4.2,5311,340,6,128,6.5,6000
SAMSUNG Galaxy A14 5G,Dark Red,10999,4.2,63583,3046,6,128,6.6,5000
SAMSUNG Galaxy A14 5G,Light Green,10999,4.2,63583,3046,6,128,6.6,5000
SAMSUNG Galaxy A15 5G,Light Blue,14399,4.3,1564,73,6,128,6.5,5000
SAMSUNG 1200,,1149,,,,,,1.5,32
SAMSUNG Galaxy A14 5G,Black,10999,4.2,63583,3046,6,128,6.6,5000
SAMSUNG Galaxy S23 5G,Cream,37999,4.6,65179,4462,8,128,6.1,3900
SAMSUNG Galaxy M55 5G,Danim Black,28849,4.1,28,3,12,256,6.7,5000
SAMSUNG Galaxy S22 5G,Phantom Black,51328,4.4,20603,1668,8,256,6.1,3700
SAMSUNG Galaxy F13,Nightsky Green,16999,4.3,8875,11743,4,128,6.6,6000
SAMSUNG Galaxy A15 5G,Blue Black,14399,4.3,1564,73,6,128,6.5,5000
SAMSUNG Galaxy S23 5G,Cream,42999,4.6,65179,4462,8,256,6.1,3900
SAMSUNG Galaxy S23 5G,Phantom Black,37999,4.6,65179,4462,8,128,6.1,3900
SAMSUNG Galaxy A15 5G,Blue,14399,4.3,1564,73,6,128,6.5,5000
SAMSUNG Galaxy M15 5G,Blue Topaz,12990,4.2,319,19,4,128,6.5,6000
SAMSUNG Galaxy S23 5G,Lavender,42999,4.6,65179,4462,8,256,6.1,3900
SAMSUNG Galaxy S23 5G,Green,37999,4.6,65179,4462,8,128,6.1,3900
SAMSUNG Galaxy F13,Waterfall Blue,16999,4.3,8875,11743,4,128,6.6,6000
SAMSUNG Galaxy F14 5G,B.A.E. Purple,13490,4.2,25843,8915,6,128,6.6,6000
SAMSUNG Galaxy M55 5G,Light Green,27990,3.5,156,10,8,256,6.7,5000
SAMSUNG Galaxy M34 5G,Waterfall Blue,14990,4.2,3138,208,6,128,6.5,6000
SAMSUNG Galaxy S23 5G,Lavender,37999,4.6,65179,4462,8,128,6.1,3900
SAMSUNG Galaxy S23 5G,Phantom Black,42999,4.6,65179,4462,8,256,6.1,3900
SAMSUNG a14 5g,Steller Black,10780,3.7,11,0,4,64,6.6,5000
SAMSUNG Galaxy F22,Denim Black,11499,4.3,6610,9834,4,64,6.4,6000
SAMSUNG Galaxy A14 5G,Dark Red,10999,4.2,63583,3046,6,128,6.6,5000
SAMSUNG Galaxy A14 5G,Light Green,10999,4.2,63583,3046,6,128,6.6,5000
SAMSUNG Galaxy F55 5G,Apricot Crush,26999,3.9,361,38,12,256,6.7,5000
SAMSUNG Galaxy A23,Black,18499,4.2,1208,70,6,128,6.6,5000
SAMSUNG Galaxy A34 5G,Awesome Graphite,30990,4.3,6978,556,8,128,6.6,5000
SAMSUNG Galaxy A05s,Black,13999,4.2,149,8,6,128,6.72,5000
SAMSUNG Galaxy A14 5G,Black,10999,4.2,63583,3046,6,128,6.6,5000
SAMSUNG Galaxy S23 5G,Cream,37999,4.6,65179,4462,8,128,6.1,3900
SAMSUNG Galaxy Z Flip5,Blue,69990,4.4,755,45,8,256,6.7,3700
SAMSUNG A05,Light Green,8600,3.9,391,12,4,64,6.7,5000
SAMSUNG Galaxy S23 5G,Cream,42999,4.6,65179,4462,8,256,6.1,3900
SAMSUNG Galaxy S23 5G,Phantom Black,37999,4.6,65179,4462,8,128,6.1,3900
SAMSUNG Galaxy F34 5G,Electric Black,25999,4.2,15439,1144,8,128,6.5,6000
SAMSUNG GALAXY M13 5G,Midnight Blue,11398,4.1,1775,91,4,64,6.5,5000
SAMSUNG Galaxy M15 5G,Stone Grey,12899,4.2,319,19,4,128,6.5,6000
SAMSUNG Galaxy F04,Jade Purple,8990,4.2,13535,6208,4,64,6.5,5000
SAMSUNG Galaxy S23 5G,Lavender,42999,4.6,65179,4462,8,256,6.1,3900
SAMSUNG Galaxy S23 5G,Green,37999,4.6,65179,4462,8,128,6.1,3900
SAMSUNG Galaxy M04,Light Green,9999,4.1,12879,693,4,64,6.5,5000
SAMSUNG M15,Blue Topaz,13990,4.1,175,14,4,128,6.5,6000
SAMSUNG Galaxy S23 5G,Lavender,37999,4.6,65179,4462,8,128,6.1,3900
SAMSUNG Galaxy S23 5G,Phantom Black,42999,4.6,65179,4462,8,256,6.1,3900
SAMSUNG Galaxy F42 5G,Matte Aqua,16499,4.1,10623,990,6,128,6.6,5000
SAMSUNG Galaxy A04s,Black,11999,4.2,188,14,4,64,6.5,5000
SAMSUNG Galaxy A14 5G,Black,9999,4.2,38089,1721,4,128,6.6,5000
SAMSUNG Galaxy F34 5G,Orchid Violet,24499,4.2,46328,3519,6,128,6.5,6000
SAMSUNG Galaxy A14 5G,Dark Red,10999,4.2,63583,3046,6,128,6.6,5000
SAMSUNG Galaxy A14 5G,Light Green,10999,4.2,63583,3046,6,128,6.6,5000
SAMSUNG Galaxy M52 5G,Icy Blue,22999,4.2,2488,255,6,128,6.7,5000
SAMSUNG Galaxy A04s,Copper,15990,4.2,188,14,4,64,6.5,5000
SAMSUNG Galaxy A14 5G,Black,10999,4.2,63583,3046,6,128,6.6,5000
SAMSUNG Galaxy S23 5G,Cream,37999,4.6,65179,4462,8,128,6.1,3900
SAMSUNG A14 5g,Green,16999,3.7,11,1,8,128,6.6,5000
SAMSUNG Galaxy F34 5G,Mystic Green,24499,4.2,46328,3519,6,128,6.5,6000
SAMSUNG METRO 312,,1549,2.8,1028,61,,,2,32
SAMSUNG Galaxy A04,Black,8199,3.8,144,6,4,64,6.5,5000
SAMSUNG Galaxy S23 5G,Cream,42999,4.6,65179,4462,8,256,6.1,3900
SAMSUNG Galaxy S23 5G,Phantom Black,37999,4.6,65179,4462,8,128,6.1,3900
SAMSUNG Galaxy S24 Ultra 5G,Titanium Violet,121999,4.6,2454,274,12,256,6.8,5000
SAMSUNG METRO 312,,1999,2.8,1028,61,,,2,32
SAMSUNG Galaxy S23 5G,Lavender,42999,4.6,65179,4462,8,256,6.1,3900
SAMSUNG Galaxy S23 5G,Green,37999,4.6,65179,4462,8,128,6.1,3900
SAMSUNG Galaxy A03,Black,12999,4.1,1094,64,3,32,6.5,5000
SAMSUNG Galaxy F12,Sea Green,11499,4.3,2504,23331,4,128,6.515,6000
SAMSUNG Galaxy A54 5G,Awesome Violet,37999,4.3,4363,369,8,256,6.4,5000
SAMSUNG Galaxy A22,Black,19799,4.2,1197,68,6,128,6.4,5000
SAMSUNG Galaxy A14 5G,Dark Red,10999,4.2,63583,3046,6,128,6.6,5000
SAMSUNG Galaxy A14 5G,Light Green,10999,4.2,63583,3046,6,128,6.6,5000
SAMSUNG Galaxy S24 Ultra 5G,Titanium Violet,131999,4.6,2454,274,12,512,6.8,5000
SAMSUNG Galaxy F62,Laser Green,25999,4.3,31029,3629,8,128,6.7,7000
SAMSUNG Galaxy A14 5G,Black,10999,4.2,63583,3046,6,128,6.6,5000
SAMSUNG Galaxy S23 5G,Cream,37999,4.6,65179,4462,8,128,6.1,3900
SAMSUNG Galaxy Z Fold6 5G,Silver Shadow,176999,4.3,79,6,12,512,7.6,4400
SAMSUNG Galaxy Z Flip6 5G,Mint,121999,4.4,96,11,12,512,6.7,4000
SAMSUNG Galaxy A03s,Black,11999,4,476,35,3,32,6.5,5000
SAMSUNG Galaxy S24 Ultra 5G,Titanium Yellow,121999,4.6,2454,274,12,256,6.8,5000
SAMSUNG Galaxy S23 5G,Cream,42999,4.6,65179,4462,8,256,6.1,3900
SAMSUNG Galaxy S23 5G,Phantom Black,37999,4.6,65179,4462,8,128,6.1,3900
SAMSUNG Galaxy Z Flip4 5G,Graphite,58990,3.9,364,24,8,256,6.7,3700
SAMSUNG Galaxy Z Fold6 5G,Navy,164999,4.3,79,6,12,256,7.6,4400
SAMSUNG Galaxy S23 5G,Lavender,42999,4.6,65179,4462,8,256,6.1,3900
SAMSUNG Galaxy S23 5G,Green,37999,4.6,65179,4462,8,128,6.1,3900
SAMSUNG Galaxy M32,Light Blue,13499,4.1,4917,467,4,64,6.5,6000
SAMSUNG Galaxy M11,Violet,11339,4.2,10728,850,3,32,6.4,5000
SAMSUNG Galaxy Z Flip4 5G,Pink Gold,56990,3.9,364,24,8,256,6.7,3700
SAMSUNG Galaxy S24 5G,Onyx Black,79999,4.5,1476,162,8,256,6.2,4000
SAMSUNG Galaxy S23 5G,Lavender,37999,4.6,65179,4462,8,128,6.1,3900
SAMSUNG Galaxy S23 5G,Phantom Black,42999,4.6,65179,4462,8,256,6.1,3900
SAMSUNG Galaxy A05s,Black,13499,4.2,149,8,6,128,6.7,5000
SAMSUNG Galaxy A54 5G,Awesome Graphite,37499,4.3,4363,369,8,256,6.4,5000
SAMSUNG Galaxy A14 5G,Dark Red,10999,4.2,63583,3046,6,128,6.6,5000
SAMSUNG Galaxy A14 5G,Light Green,10999,4.2,63583,3046,6,128,6.6,5000
SAMSUNG Galaxy Z Fold6 5G,Pink,164999,4.3,79,6,12,256,7.6,4400
SAMSUNG Galaxy A35,Light Blue,30999,,,,8,128,6.6,5000
SAMSUNG Galaxy S20 FE 5G,Cloud Navy,30999,4.2,3446,228,8,128,6.5,4500
SAMSUNG Galaxy S24 5G,Amber Yellow,79999,4.5,1476,162,8,256,6.2,4000
SAMSUNG Galaxy A14 5G,Black,10999,4.2,63583,3046,6,128,6.6,5000
SAMSUNG Galaxy S23 5G,Cream,37999,4.6,65179,4462,8,128,6.1,3900
SAMSUNG Galaxy F02s,Diamond Blue,9499,4.2,4562,366,3,32,6.515,5000
SAMSUNG Galaxy A05s,Light Violet,11114,4.2,89,0,4,128,6.72,5000
SAMSUNG Galaxy S23 5G,Cream,42999,4.6,65179,4462,8,256,6.1,3900
SAMSUNG Galaxy S23 5G,Phantom Black,37999,4.6,65179,4462,8,128,6.1,3900
SAMSUNG Galaxy Z Flip5 Special Edition,Yellow,59999,,,,8,256,6.7,3700
SAMSUNG Galaxy S23 Ultra 5G,Cream,134999,4.6,3818,366,12,512,6.8,5000
SAMSUNG Galaxy S24 5G,Cobalt Violet,63999,4.5,1476,162,8,128,6.2,4000
SAMSUNG Galaxy Z Fold5,Phantom Black,154999,4.6,436,23,12,512,6.2,4400
SAMSUNG Galaxy S23 5G,Lavender,42999,4.6,65179,4462,8,256,6.1,3900
SAMSUNG Galaxy S23 5G,Green,37999,4.6,65179,4462,8,128,6.1,3900
SAMSUNG Galaxy A05s,Black,10456,4.2,89,0,4,128,6.72,5000
Samsung Galaxy S21 FE 5G with Snapdragon 888,Navy,45999,4.3,50166,14030,8,128,6.4,4500
SAMSUNG Galaxy S23 5G,Lavender,37999,4.6,65179,4462,8,128,6.1,3900
SAMSUNG Galaxy S23 5G,Phantom Black,42999,4.6,65179,4462,8,256,6.1,3900
SAMSUNG Galaxy Z Flip5,Mint,102499,4.4,755,45,8,512,6.7,3700
SAMSUNG Galaxy A04e,Copper,8999,4.1,85,2,4,128,6.5,5000
SAMSUNG Galaxy S23 Ultra 5G,Cream,134999,4.6,3818,366,12,512,6.8,5000
SAMSUNG Galaxy A05s,Black,10456,4.2,89,0,4,128,6.72,5000
SAMSUNG Galaxy A14 5G,Dark Red,10999,4.2,63583,3046,6,128,6.6,5000
SAMSUNG Galaxy A14 5G,Light Green,10999,4.2,63583,3046,6,128,6.6,5000
Samsung Galaxy S21 FE 5G with Snapdragon 888,Navy,45999,4.3,50166,14030,8,128,6.4,4500
SAMSUNG Galaxy Z Fold5,Cream,154999,4.6,436,23,12,512,6.2,4400
SAMSUNG Galaxy A14 5G,Black,10999,4.2,63583,3046,6,128,6.6,5000
SAMSUNG Galaxy S23 5G,Cream,37999,4.6,65179,4462,8,128,6.1,3900
SAMSUNG Galaxy Z Flip5,Mint,102499,4.4,755,45,8,512,6.7,3700
SAMSUNG Galaxy A04e,Light Blue,,4.1,148,9,3,64,6.5,5000
SAMSUNG Galaxy F23 5G,Forest Green,18499,4.3,24124,16352,6,128,6.6,5000
SAMSUNG Galaxy F14 5G,OMG Black,15999,4.2,25843,8915,6,128,6.6,6000
SAMSUNG Galaxy S23 5G,Cream,42999,4.6,65179,4462,8,256,6.1,3900
SAMSUNG Galaxy S23 5G,Phantom Black,37999,4.6,65179,4462,8,128,6.1,3900
SAMSUNG Galaxy F23 5G,Copper Blush,17499,4.2,49091,3580,4,128,6.6,5000
SAMSUNG Galaxy M33 5G,Emarld Brown,,4.2,13108,897,6,128,6.6,6000
SAMSUNG Galaxy S23 5G,Lavender,42999,4.6,65179,4462,8,256,6.1,3900
SAMSUNG Galaxy S23 5G,Green,37999,4.6,65179,4462,8,128,6.1,3900
SAMSUNG Galaxy S21 FE 5G,Olive Green,30990,4.3,50166,14030,8,128,6.4,4500
SAMSUNG Galaxy S24 5G,Amber Yellow,63999,4.5,1476,162,8,128,6.2,4000
SAMSUNG Galaxy F23 5G,Forest Green,17499,4.2,49091,3580,4,128,6.6,5000
SAMSUNG Galaxy Z Flip5,Cream,102499,4.4,755,45,8,512,6.7,3700
SAMSUNG Galaxy S23 5G,Lavender,37999,4.6,65179,4462,8,128,6.1,3900
SAMSUNG Galaxy S23 5G,Phantom Black,42999,4.6,65179,4462,8,256,6.1,3900
SAMSUNG Galaxy A06,Gold,11499,4.1,18,3,4,128,6.7,5000
SAMSUNG Galaxy A23 5G,Orange,21999,4.1,2872,186,6,128,6.6,5000
SAMSUNG Galaxy A14 5G,Dark Red,10999,4.2,63583,3046,6,128,6.6,5000
SAMSUNG Galaxy A14 5G,Light Green,10999,4.2,63583,3046,6,128,6.6,5000
SAMSUNG Galaxy S21 FE 5G,Lavender,39999,4.3,50166,14030,8,128,6.4,4500
SAMSUNG Galaxy Z Flip6 5G,Silver Shadow,109999,4.4,96,11,12,256,6.7,4000
SAMSUNG Galaxy Z Flip6 5G,Mint,109999,4.4,96,11,12,256,6.7,4000
SAMSUNG Galaxy S20 FE,Cloud Navy,27450,4,1292,103,8,128,6.5,4500
SAMSUNG Galaxy A14 5G,Black,10999,4.2,63583,3046,6,128,6.6,5000
SAMSUNG Galaxy S23 5G,Cream,37999,4.6,65179,4462,8,128,6.1,3900
SAMSUNG Galaxy Z Flip5,Cream,69999,4.4,755,45,8,256,6.7,3700
SAMSUNG Galaxy A54 5G,Awesome Lime,28999,4.3,4363,369,8,128,6.4,5000
SAMSUNG Galaxy S23 5G,Cream,42999,4.6,65179,4462,8,256,6.1,3900
SAMSUNG Galaxy S23 5G,Phantom Black,37999,4.6,65179,4462,8,128,6.1,3900
SAMSUNG Galaxy S24 5G,Marble Gray,74999,4.5,1476,162,8,128,6.2,4000
SAMSUNG Galaxy A04e,Copper,8999,4.1,85,2,4,128,6.5,5000
SAMSUNG Galaxy Z Flip5,Lavender,102499,4.4,755,45,8,512,6.7,3700
SAMSUNG Galaxy Z Flip5,Lavender,94899,4.4,755,45,8,256,6.7,3700
SAMSUNG Galaxy S23 5G,Lavender,42999,4.6,65179,4462,8,256,6.1,3900
SAMSUNG Galaxy S23 5G,Green,37999,4.6,65179,4462,8,128,6.1,3900
Samsung Galaxy S21 FE 5G with Snapdragon 888,Lavender,45999,4.3,50166,14030,8,128,6.4,4500
SAMSUNG Galaxy A03,Blue,8010,4.1,1094,64,3,32,6.5,5000
SAMSUNG Galaxy S23 5G,Lavender,37999,4.6,65179,4462,8,128,6.1,3900
SAMSUNG Galaxy S23 5G,Phantom Black,42999,4.6,65179,4462,8,256,6.1,3900
SAMSUNG Galaxy A05s,Light Violet,12999,4.2,149,8,6,128,6.72,5000
SAMSUNG Galaxy Z Flip4 5G,Bora Purple,59999,3.9,364,24,8,128,6.7,3700
SAMSUNG Galaxy M53 5G,Mystique Green,26999,4,225,20,6,128,6.7,5000
SAMSUNG M01 core,Blue,6490,3.9,10236,837,2,32,5.3,3000
SAMSUNG Galaxy A14 5G,Dark Red,10999,4.2,63583,3046,6,128,6.6,5000
SAMSUNG Galaxy A14 5G,Light Green,10999,4.2,63583,3046,6,128,6.6,5000
SAMSUNG Galaxy On Nxt,Gold,11599,4.3,64597,53939,3,64,5.5,3300
SAMSUNG Galaxy A6,Gold,10890,4.3,692,69,4,64,5.6,3000
SAMSUNG Galaxy A14 5G,Black,10999,4.2,63583,3046,6,128,6.6,5000
SAMSUNG Galaxy S23 5G,Cream,37999,4.6,65179,4462,8,128,6.1,3900
SAMSUNG Galaxy Z Fold4 5G,Graygreen,159999,3.2,93,9,12,512,7.6,4400
Samsung Galaxy S21 FE 5G with Snapdragon 888,Graphite,45999,4.3,50166,14030,8,128,6.4,4500
SAMSUNG Galaxy A10,Black,8700,4.4,13190,1031,2,32,6.2,3400
SAMSUNG Galaxy A03 Core,Onyx,7990,4.1,4834,334,2,32,6.5,5000
SAMSUNG Galaxy S23 5G,Cream,42999,4.6,65179,4462,8,256,6.1,3900
SAMSUNG Galaxy S23 5G,Phantom Black,37999,4.6,65179,4462,8,128,6.1,3900
SAMSUNG Galaxy A03 Core,Bronze,7999,4.1,4834,334,2,32,6.5,5000
SAMSUNG Galaxy A80,Phantom Black,52000,4.4,5300,693,8,128,6.7,3700
SAMSUNG Galaxy S23 5G,Lavender,42999,4.6,65179,4462,8,256,6.1,3900
SAMSUNG Galaxy S23 5G,Green,37999,4.6,65179,4462,8,128,6.1,3900
SAMSUNG Galaxy A13,Blue,20500,4.2,545,27,6,128,6.6,5000
SAMSUNG Galaxy A73 5G,Awesome Gray,41999,4.2,1878,224,8,128,6.7,5000
SAMSUNG Galaxy A50s,Prism Crush White,24900,4.3,48720,4503,4,128,6.4,4000
SAMSUNG Galaxy A31,Prism Crush Blue,16999,4.3,14511,1227,6,128,6.4,5000
SAMSUNG Galaxy A14 5G,Dark Red,10999,4.2,63583,3046,6,128,6.6,5000
SAMSUNG Galaxy A14 5G,Light Green,10999,4.2,63583,3046,6,128,6.6,5000
SAMSUNG Galaxy Note 20,Mystic Green,86000,4.3,107,8,8,256,6.7,4300
SAMSUNG Galaxy A05s,Light Violet,12999,4.2,149,8,6,128,6.72,5000
SAMSUNG Galaxy A14 5G,Black,10999,4.2,63583,3046,6,128,6.6,5000
SAMSUNG Galaxy S23 5G,Cream,37999,4.6,65179,4462,8,128,6.1,3900
Samsung Galaxy S21 FE 5G with Snapdragon 888,Graphite,45999,4.3,50166,14030,8,128,6.4,4500
SAMSUNG Galaxy A03 Core,Onyx,7990,4.1,4834,334,2,32,6.5,5000
SAMSUNG Galaxy M33 5G,Emerald Brown,21999,4.2,13108,897,6,128,6.59,6000
SAMSUNG Galaxy M02,Blue,,3.9,1513,127,2,32,6.55,5000
SAMSUNG Galaxy S23 5G,Cream,42999,4.6,65179,4462,8,256,6.1,3900
SAMSUNG Galaxy S23 5G,Phantom Black,37999,4.6,65179,4462,8,128,6.1,3900
SAMSUNG Galaxy A13,Blue,20500,4.2,545,27,6,128,6.6,5000
SAMSUNG Galaxy A50s,Prism Crush White,24900,4.3,48720,4503,4,128,6.4,4000
SAMSUNG Galaxy S23 5G,Lavender,42999,4.6,65179,4462,8,256,6.1,3900
SAMSUNG Galaxy S23 5G,Green,37999,4.6,65179,4462,8,128,6.1,3900
SAMSUNG Galaxy A73 5G,Awesome Gray,41999,4.2,1878,224,8,128,6.7,5000
SAMSUNG Galaxy S9,Midnight Black,62500,4.4,30784,2516,4,64,5.8,3000
SAMSUNG Galaxy M33 5G,Emerald Brown,19999,4.2,4939,326,8,128,6.6,6000
SAMSUNG Galaxy A31,Prism Crush Blue,16999,4.3,14511,1227,6,128,6.4,5000
SAMSUNG Galaxy S23 5G,Lavender,37999,4.6,65179,4462,8,128,6.1,3900
SAMSUNG Galaxy S23 5G,Phantom Black,42999,4.6,65179,4462,8,256,6.1,3900
SAMSUNG Galaxy A04s,Copper,9199,4.2,188,14,4,128,6.5,5000
SAMSUNG Galaxy J2 2018,Gold,8200,4.3,7696,702,2,16,5,2600
SAMSUNG Galaxy A14 5G,Dark Red,10999,4.2,63583,3046,6,128,6.6,5000
SAMSUNG Galaxy A14 5G,Light Green,10999,4.2,63583,3046,6,128,6.6,5000
SAMSUNG Galaxy A04,Black,9999,3.8,144,6,4,128,6.5,5000
SAMSUNG Galaxy A30s,Prism Crush Violet,18900,4.3,4351,322,4,64,6.4,4000
SAMSUNG Galaxy A53,Awesome Black,28999,4.1,1918,186,8,128,6.5,5000
SAMSUNG Galaxy A34 5G,Awesome Violet,27499,4.4,102,8,6,128,6.6,5000
SAMSUNG Galaxy A14 5G,Black,10999,4.2,63583,3046,6,128,6.6,5000
SAMSUNG Galaxy S23 5G,Cream,37999,4.6,65179,4462,8,128,6.1,3900
SAMSUNG Galaxy A04s,Green,17990,4.2,188,14,4,128,6.5,5000
SAMSUNG Galaxy A34 5G,Awesome Lime,39499,4.3,6978,556,8,256,6.6,5000
SAMSUNG Galaxy S23 5G,Cream,42999,4.6,65179,4462,8,256,6.1,3900
SAMSUNG Galaxy S23 5G,Phantom Black,37999,4.6,65179,4462,8,128,6.1,3900
SAMSUNG Galaxy S22 5G,Bora Purple,,4.4,20603,1668,8,128,6.1,3700
SAMSUNG Galaxy A03s,White,,4,476,35,3,32,6.5,5000
SAMSUNG Galaxy A23,Blue,25450,4.3,676,38,8,128,6.6,5000
SAMSUNG Galaxy Z Flip3 5G,Phantom Black,48999,4.3,9446,599,8,128,6.7,3300
SAMSUNG Galaxy S23 5G,Lavender,42999,4.6,65179,4462,8,256,6.1,3900
SAMSUNG Galaxy S23 5G,Green,37999,4.6,65179,4462,8,128,6.1,3900
SAMSUNG Galaxy M52 5G,Blazing Black,25999,4.2,2488,255,6,128,6.7,5000
SAMSUNG Galaxy S20 FE 5G,Cloud Navy,29000,4.2,3446,228,8,128,6.5,4500
SAMSUNG Galaxy A14 5G,Black,9999,4.2,38089,1721,4,128,6.6,5000
SAMSUNG Galaxy S23 5G,Lavender,37999,4.6,65179,4462,8,128,6.1,3900
SAMSUNG SM-A356ELBJINS,Awesome Iceblue,25649,,,,8,128,6.6,5000
SAMSUNG Galaxy S22 Ultra 5G,Phantom Black,142999,4.5,420,36,12,512,6.8,5000
